Date,Team,Agent,Calls_Handled,SLA_Percentage,AHT_Seconds,CSAT,Escalated_Cases,Resolution_Rate
2025-04-13,Team D,Chris,94,97.57,308,4.33,0,96.56
2025-06-01,Team C,Mary,100,93.7,325,4.84,0,99.08
2025-12-11,Team A,Rachel,81,92.51,246,4.85,4,91.95
2025-12-12,Team A,Mary,101,91.19,412,4.4,0,93.88
2025-07-25,Team A,Sarah,93,90.89,251,4.29,1,95.65
2025-07-21,Team B,Sarah,103,95.22,328,4.37,1,95.4
2025-02-22,Team D,Ryan,89,91.84,286,4.58,0,97.16
2025-06-12,Team C,John,98,95.1,328,4.6,2,96.48
2025-03-03,Team D,David,97,97.07,316,4.7,0,97.95
2025-08-06,Team C,Olivia,96,100,273,4.28,0,95.88
2025-03-04,Team D,Jason,124,89.92,280,4.53,2,96.27
2025-08-31,Team B,Mary,94,88.6,364,4.37,1,94.09
2025-11-27,Team D,Jason,81,94.38,252,4.09,1,99.89
2025-08-22,Team D,Chris,82,91.55,291,3.77,0,98.53
2025-02-21,Team D,Jason,56,92.92,323,5,0,96.96
2025-05-06,Team B,Sophia,81,98.9,223,4.17,1,96.34
2025-10-21,Team D,David,106,97.18,275,4.42,2,96.2
2025-12-12,Team C,Aaron,77,90.84,306,4.36,4,97.23
2025-10-25,Team C,Jason,100,94.58,388,5,1,93.12
2025-04-09,Team C,Amy,102,93.33,325,4.68,5,95.55
2025-04-09,Team A,Grace,87,89.35,372,4.8,2,98.32
2025-05-15,Team C,Michael,72,94.25,225,5,3,96.29
2025-09-21,Team C,Mary,104,88.97,362,4.52,1,98.96
2025-01-17,Team D,Olivia,90,92.33,355,4.54,3,95.85
2025-06-10,Team D,Alex,88,89.26,328,4.52,1,96.12
2025-09-30,Team D,John,67,94.26,283,3.86,1,96.94
2025-01-13,Team D,Jason,106,93.02,386,4.7,3,96.33
2025-12-08,Team C,Michael,72,90.32,303,4.87,1,96.26
2025-07-15,Team B,Ryan,79,89.13,281,4.53,0,95.79
2025-10-02,Team D,David,77,98.34,286,3.94,0,95.31
2025-03-30,Team D,Ryan,90,97.95,253,4.95,1,95.53
2025-08-06,Team B,Amy,113,91.35,374,5,0,95
2025-09-03,Team A,Sarah,83,91.6,322,5,2,96.4
2025-06-09,Team C,Nicole,75,87.31,384,4.22,5,100
2025-01-12,Team C,Olivia,77,93.62,364,4.26,0,94.82
2025-07-15,Team B,Grace,97,95.7,335,4.64,1,97.26
2025-07-11,Team C,Michael,75,94.15,344,3.94,2,98.29
2025-12-21,Team A,Michael,97,92.02,482,3.94,0,94.31
2025-04-10,Team D,Kevin,78,95.95,325,4.48,2,96.4
2025-02-22,Team C,Amy,72,90.9,319,3.77,2,99.54
2025-03-17,Team A,Rachel,86,93.25,307,4.76,1,92.84
2025-05-16,Team D,Ryan,86,96.46,296,4.2,0,98.72
2025-12-30,Team B,Jason,97,92.52,319,4.1,0,94.64
2025-11-13,Team C,Kevin,84,95.52,376,4.24,1,93.16
2025-04-27,Team B,Sophia,85,94.17,306,4.37,4,95.06
2025-05-23,Team C,John,76,96.6,410,4.37,2,97.95
2025-03-31,Team D,Grace,73,88.99,303,3.9,0,94.71
2025-08-08,Team D,Ryan,60,89.04,411,4.75,2,95.06
2025-03-04,Team A,Michael,83,96.71,240,4.22,0,96.52
2025-12-17,Team A,Emma,89,93.5,360,4.68,1,97.63
2025-01-01,Team C,Ryan,64,94.61,373,4.86,1,96.48
2025-04-28,Team C,Grace,115,93.51,377,4.71,1,96.33
2025-10-30,Team C,Chris,93,96.64,330,4.41,3,96.72
2025-12-01,Team D,Rachel,110,87.89,317,4.52,2,95.93
2025-08-28,Team C,Aaron,52,99.1,231,4.85,1,94.5
2025-12-18,Team C,Grace,110,88.9,345,4.25,1,98.09
2025-11-22,Team A,David,63,92.43,322,3.72,1,97.03
2025-08-27,Team D,Daniel,103,95.55,288,4.18,1,97.16
2025-08-02,Team B,Olivia,109,92.25,348,4.49,2,99.05
2025-01-15,Team D,David,48,93.78,255,3.93,2,96.41
2025-08-21,Team A,Grace,86,90.42,396,4.56,1,94.25
2025-10-09,Team D,Mary,64,92.97,238,4.55,0,95.61
2025-10-04,Team B,Emma,75,91.54,290,4.14,2,90.99
2025-02-05,Team D,Emma,95,94.17,315,4.47,1,96.55
2025-03-03,Team A,Mary,115,97.86,366,4.17,1,96.56
2025-04-23,Team D,Chris,43,95.96,358,4.4,3,94.25
2025-01-10,Team A,Rachel,75,95.28,375,4.63,2,97.15
2025-11-14,Team D,Sophia,81,95.05,312,4.6,1,95.62
2025-12-15,Team D,Daniel,76,94.76,304,4.3,3,95.46
2025-10-23,Team D,Jason,99,94.66,334,4.61,2,100
2025-11-05,Team D,Lisa,71,93.86,328,4.57,1,97.02
2025-08-19,Team C,Sarah,103,95.91,356,4.29,3,95.15
2025-06-08,Team C,Sarah,118,90.2,478,4.45,3,98.66
2025-10-09,Team C,David,114,89.47,285,3.9,2,94.79
2025-07-29,Team A,John,86,95.18,344,4.47,1,99.76
2025-02-20,Team A,Olivia,105,90.03,313,4.42,2,98.19
2025-05-17,Team B,Nicole,92,96.96,309,4.12,5,96.94
2025-06-29,Team B,John,62,96.24,227,4.09,2,97.03
2025-03-04,Team A,Lisa,123,93.18,320,4.39,2,100
2025-01-18,Team A,Olivia,68,93.7,410,3.94,2,100
2025-09-21,Team A,Jason,72,95.76,323,4.69,5,94.46
2025-09-12,Team A,Lisa,75,93.3,313,4.55,1,93.89
2025-04-06,Team D,Olivia,103,94.26,306,4.08,1,98.73
2025-03-26,Team C,Amy,96,93.98,257,4.68,2,95.63
2025-07-14,Team C,Sophia,77,96.05,288,4.78,4,96.57
2025-08-03,Team D,Michael,85,99.84,180,4.66,1,98.11
2025-10-05,Team C,Olivia,85,94.04,293,4.17,0,92.74
2025-01-17,Team A,Emma,93,91.59,346,4.89,1,99.14
2025-06-22,Team A,Olivia,79,93.6,248,4.57,1,98.68
2025-10-22,Team D,Alex,71,92.62,347,3.87,1,95.75
2025-09-01,Team C,Michael,123,92.71,377,4.19,0,96.36
2025-08-05,Team A,Daniel,79,90.17,435,4.7,4,94.81
2025-03-21,Team D,Aaron,97,94.86,384,4.72,2,96.86
2025-10-09,Team A,Jason,88,94.34,309,4.74,3,95.84
2025-06-08,Team D,Alex,72,100,323,4.7,2,96.35
2025-07-29,Team A,Amy,105,96.03,310,4.07,1,91.26
2025-09-26,Team A,Grace,77,97.23,434,4.29,4,94.25
2025-01-03,Team A,Olivia,96,95.36,297,4.6,2,99.23
2025-11-01,Team A,Sarah,99,92.36,317,4.6,1,96.33
2025-08-31,Team A,Olivia,92,91.09,293,4.21,2,94.89
2025-02-16,Team C,Michael,122,94.41,235,4.45,4,98.76
2025-03-30,Team A,Sarah,95,90.48,328,4.29,0,97.17
2025-05-17,Team C,Mary,89,94,352,5,0,92.5
2025-11-24,Team C,David,66,93.14,288,4.67,4,96.07
2025-08-04,Team C,Amy,98,94.27,340,4.61,5,95.26
2025-06-07,Team C,Grace,72,94.25,340,4.33,3,96.01
2025-08-11,Team B,Ryan,80,93.66,332,4.87,4,96.35
2025-08-30,Team D,Michael,91,95.26,368,4.19,0,95.92
2025-07-29,Team B,Olivia,76,94.13,398,4.38,2,93.54
2025-10-12,Team A,Daniel,82,96.37,385,4.33,3,93.71
2025-09-14,Team B,Emma,74,90.99,323,4.33,4,96.69
2025-03-20,Team C,Olivia,91,91.89,321,4.21,3,97.87
2025-08-10,Team B,Jason,90,90.73,252,4.31,1,92.82
2025-12-10,Team D,Daniel,93,98.89,300,4.5,7,95.86
2025-03-17,Team A,Olivia,84,89.52,395,4.66,1,96.42
2025-10-16,Team A,Ryan,54,88.84,264,4.68,0,97.11
2025-11-01,Team D,Daniel,110,97.15,243,4.66,5,97.3
2025-11-10,Team B,Alex,114,98.06,296,4.92,2,98.15
2025-08-26,Team D,Ryan,92,91.28,318,5,2,93.74
2025-02-04,Team A,Chris,93,92.23,236,4.52,2,97.29
2025-12-30,Team B,Nicole,131,94.04,449,4.52,0,99.14
2025-12-01,Team B,Sarah,61,88.1,291,4.64,1,96.36
2025-02-09,Team A,Chris,96,90.85,402,3.94,2,94.59
2025-02-10,Team B,Chris,82,97.63,410,4.19,2,96.55
2025-06-12,Team A,David,101,90.88,242,4.32,0,96.15
2025-09-23,Team D,Kevin,65,88.33,298,4.85,1,97.7
2025-05-01,Team C,David,92,86.54,355,4.69,3,95.36
2025-10-09,Team A,John,78,92.61,268,4.34,1,96.9
2025-10-03,Team A,Grace,87,94.36,313,4.73,3,94.12
2025-01-08,Team B,John,94,90.84,344,4.64,2,93.56
2025-05-25,Team B,Lisa,90,94.52,329,4.32,6,96.68
2025-03-04,Team A,John,68,96.02,307,4.5,3,98.87
2025-04-12,Team C,Emma,96,91.83,246,4.13,2,98.34
2025-11-12,Team A,John,115,91.08,253,4.89,2,98.02
2025-10-09,Team D,Amy,86,89.46,312,3.91,3,98.64
2025-04-17,Team C,Amy,86,95.28,334,4.43,0,95.87
2025-10-04,Team A,Aaron,84,90.15,276,4.1,2,97.84
2025-05-26,Team B,Michael,61,89.82,323,4.5,1,96.79
2025-08-29,Team B,Rachel,82,95.39,343,3.72,0,100
2025-01-26,Team A,Chris,91,88.79,407,4.03,3,94.61
2025-07-21,Team A,Grace,76,94.3,262,4.32,2,93.38
2025-10-20,Team C,Alex,87,95.89,430,4.23,3,93.26
2025-03-26,Team B,Alex,56,87.08,372,4.24,4,98.26
2025-03-14,Team D,John,110,91.05,258,4.41,0,94.46
2025-01-05,Team D,Lisa,89,95.5,220,4.51,4,95.48
2025-09-21,Team B,Sophia,110,96.93,354,4.3,2,93.62
2025-05-16,Team D,Alex,68,92.05,380,4.44,2,94.95
2025-09-29,Team D,Emma,90,92.13,299,4.05,1,92.92
2025-11-27,Team C,Nicole,87,92.71,338,4.82,2,97.77
2025-10-18,Team B,Rachel,50,93.8,336,4.2,0,97.98
2025-06-12,Team B,Mary,95,93.36,283,5,2,96.57
2025-01-25,Team A,Mary,83,94.52,322,3.86,2,94.71
2025-06-09,Team A,Daniel,107,96.66,309,4.85,0,94.87
2025-11-25,Team D,Olivia,78,93.91,288,4.4,4,94.54
2025-05-04,Team B,Jason,98,95.02,405,4.08,2,95.19
2025-05-13,Team B,Mary,67,92.3,267,4.52,1,98.74
2025-03-06,Team A,Grace,67,94.54,250,4.17,2,95.22
2025-03-23,Team D,Alex,93,88.88,239,4.84,5,95.58
2025-01-29,Team A,Rachel,83,93.46,349,4.55,2,96.73
2025-12-09,Team D,Ryan,81,94.38,286,5,0,96.27
2025-03-28,Team C,John,72,96.9,270,4,2,98.37
2025-11-16,Team B,Emma,95,93.09,277,4.45,3,96.49
2025-10-19,Team B,Sarah,94,96.67,290,4.41,4,99.06
2025-10-15,Team D,Mary,92,91.91,278,4.09,3,92.07
2025-08-01,Team D,Aaron,89,95.45,363,4.23,4,98.43
2025-12-26,Team B,Jason,82,96.37,280,4.49,1,92.57
2025-08-01,Team C,Nicole,77,94.76,381,4.41,3,97.13
2025-01-30,Team C,Sophia,58,96.87,353,4.36,0,93.55
2025-05-09,Team D,David,79,94.83,332,4.34,3,99.09
2025-04-22,Team A,Kevin,99,92.6,320,4.16,2,97.3
2025-08-31,Team C,Emma,72,86.72,349,4.5,2,92.95
2025-02-26,Team A,Nicole,103,95.94,307,4.94,0,96.16
2025-07-05,Team C,Nicole,115,96.63,371,4.58,2,98.23
2025-04-27,Team C,Sarah,75,84.68,360,4.27,1,94.23
2025-04-26,Team A,Chris,69,98.56,381,4.57,0,98.29
2025-03-16,Team C,Kevin,80,94.07,322,4.55,5,94.29
2025-02-04,Team B,Aaron,74,86.33,184,4.16,3,95.45
2025-03-25,Team D,Sarah,70,90.14,272,4.08,2,92.13
2025-08-16,Team D,Daniel,86,89.61,231,4.09,1,96.49
2025-05-23,Team D,Jason,86,96.48,301,4.56,2,98.51
2025-03-28,Team B,David,65,100,323,4.5,1,95.15
2025-11-23,Team B,John,76,89.95,323,4.53,0,97.39
2025-03-27,Team A,Michael,64,94.65,308,4.75,1,95.6
2025-05-24,Team D,Aaron,82,94.86,422,4.41,2,94.54
2025-11-15,Team A,Jason,86,96.2,359,4.64,0,96.72
2025-04-26,Team D,Olivia,72,92.12,241,4.66,2,95.84
2025-10-06,Team A,Grace,83,90.37,293,4.25,0,98.54
2025-03-26,Team D,Kevin,74,95.3,310,4.03,5,96.24
2025-02-09,Team B,John,78,93.27,387,4.16,5,94.28
2025-05-09,Team C,Ryan,102,89.81,341,4.34,1,97.97
2025-01-25,Team C,John,77,89.23,344,4.33,0,96.55
2025-08-01,Team D,Mary,95,93.4,325,3.91,0,96.32
2025-08-06,Team B,John,76,91.77,286,3.79,3,95.79
2025-09-28,Team C,Alex,103,92.05,286,4.54,1,93.99
2025-05-08,Team C,Alex,86,98.82,269,4.2,0,98.06
2025-05-22,Team D,Sophia,65,95.05,290,4.66,0,96.69
2025-04-01,Team B,Olivia,101,92.64,211,4.65,1,94.93
2025-12-10,Team B,Emma,83,95.13,298,4.55,2,95.48
2025-11-23,Team B,Kevin,98,91.42,352,4.28,0,96.73
2025-10-13,Team A,John,112,87.34,305,3.92,2,97.56
2025-03-09,Team D,Lisa,79,95.38,347,5,2,97.7
2025-09-12,Team A,David,74,90.58,284,4.92,1,95.83
2025-02-04,Team A,Mary,87,96,184,4.6,2,97.77
2025-04-03,Team B,Lisa,88,92.77,351,4.57,1,98.4
2025-09-17,Team B,Sophia,117,92.47,326,4.57,3,94.52
2025-09-25,Team B,Lisa,65,92.44,240,3.98,2,90.81
2025-12-06,Team D,Michael,81,93.02,374,4.23,2,95.68
2025-02-06,Team A,Kevin,95,93.4,386,4.46,0,97.98
2025-07-11,Team C,Olivia,74,88.46,229,3.92,3,95.03
2025-08-03,Team A,Chris,87,91.87,348,4.72,1,97.18
2025-08-27,Team D,Lisa,83,93.23,308,4.2,4,96.41
2025-01-28,Team C,Nicole,96,96.99,358,4.78,4,96.23
2025-11-07,Team A,Chris,55,95.2,362,4.79,4,98
2025-07-07,Team D,Mary,74,90.21,212,4.85,0,96.91
2025-03-16,Team D,Sarah,93,85.82,256,4.41,1,96.46
2025-05-06,Team C,Michael,53,96.67,325,4.85,0,100
2025-04-23,Team A,Grace,77,92.96,347,4.4,1,95.82
2025-08-22,Team C,Grace,79,90.49,297,4.07,2,95.93
2025-02-04,Team C,Emma,102,94.11,314,4.53,1,93.61
2025-11-01,Team A,Mary,87,91.45,286,4.27,2,98.04
2025-12-07,Team B,Sophia,94,91.47,257,4.45,2,94.96
2025-09-30,Team C,Grace,93,96.3,417,4.03,1,96.99
2025-05-25,Team A,Sarah,109,97.69,290,3.77,0,96.65
2025-01-05,Team A,Nicole,109,91.43,318,4.13,2,96.06
2025-08-16,Team B,Daniel,94,90.82,332,3.67,4,97.04
2025-09-17,Team C,Ryan,94,93.49,319,3.98,1,97.93
2025-11-19,Team C,David,119,93.58,417,4.33,2,94.06
2025-07-13,Team A,Alex,64,95.86,345,4.62,1,97.03
2025-08-20,Team D,David,92,94.46,337,4.6,0,99.08
2025-09-17,Team B,Emma,74,94.41,227,4.73,1,99.76
2025-03-24,Team C,Emma,78,92.34,392,4.4,1,95.68
2025-04-21,Team C,Mary,74,95.62,288,4.35,3,97.4
2025-08-21,Team B,Ryan,60,96.61,277,4.5,3,94.7
2025-06-09,Team B,Olivia,87,88.31,309,4.07,1,93.97
2025-02-28,Team C,Lisa,84,87.69,285,4.28,1,94.36
2025-08-29,Team B,Grace,101,95.87,268,4.14,0,98.25
2025-03-06,Team C,Aaron,101,93.57,362,4.45,4,97.48
2025-08-05,Team D,Rachel,86,91.76,289,4.35,1,96.4
2025-10-08,Team B,Kevin,88,92.15,298,4.44,3,93.12
2025-08-15,Team D,Kevin,81,96.71,303,4.28,3,96.97
2025-04-19,Team C,Ryan,83,91.7,326,4.3,2,96.23
2025-02-18,Team B,Rachel,80,90.22,325,4.08,4,97.58
2025-04-21,Team B,Michael,81,94.33,350,4.51,0,98.82
2025-04-29,Team D,Amy,76,93.36,397,4.33,1,96.38
2025-06-02,Team A,Jason,66,88.6,328,4.42,1,96.35
2025-08-05,Team D,Lisa,88,91.58,300,4.49,3,97.13
2025-08-06,Team D,Lisa,85,93.69,256,4.22,1,98.56
2025-10-28,Team C,Daniel,93,93.06,338,4.74,3,97.04
2025-06-08,Team A,Olivia,68,92.53,321,4.58,1,94.94
2025-10-21,Team B,Grace,88,89.08,329,5,4,92.89
2025-11-27,Team A,Grace,78,94.77,240,4.54,2,96.33
2025-09-17,Team D,Aaron,85,90.53,385,4.15,5,99.17
2025-04-04,Team A,Daniel,70,94.42,394,4.51,1,93.5
2025-09-09,Team D,Mary,94,97.16,323,4.15,2,94.36
2025-08-16,Team A,Mary,75,96.96,390,4.22,5,92.06
2025-11-20,Team A,Grace,98,94.46,352,4.53,1,94.27
2025-09-13,Team C,Aaron,57,90.72,310,4.45,3,97.32
2025-03-25,Team C,Grace,93,94.23,253,4.23,2,93.95
2025-11-20,Team B,Chris,83,96.1,287,4.76,3,96.74
2025-12-17,Team B,Kevin,82,90.97,321,4.07,1,93.83
2025-10-30,Team D,Sophia,95,89.55,353,4.54,1,98.39
2025-07-25,Team A,Amy,70,97.38,233,4.22,2,96.46
2025-09-12,Team B,Kevin,96,88.81,207,4.31,2,98.91
2025-07-10,Team A,Aaron,89,94.82,310,4.56,5,97.78
2025-03-22,Team B,Kevin,76,89.7,341,4.63,4,96.91
2025-05-08,Team D,Grace,76,93.77,303,4.72,0,96.73
2025-08-04,Team C,Aaron,89,98.53,203,4.8,2,96.37
2025-04-05,Team D,Sophia,88,95.08,300,4.72,2,97.23
2025-09-29,Team C,Aaron,64,95.05,300,4.27,0,93.55
2025-05-20,Team A,Emma,78,96.65,276,4.19,2,95.7
2025-01-19,Team B,David,87,92.88,355,4.66,0,97.34
2025-09-05,Team D,Grace,94,92.92,306,4.52,1,96.08
2025-08-07,Team A,Sophia,87,90.9,405,4.44,3,93.63
2025-08-18,Team D,Kevin,90,93.59,279,4.85,1,98.5
2025-11-19,Team B,Chris,60,99.41,362,4.93,1,95.73
2025-11-05,Team C,Aaron,69,92.36,333,4.9,2,97.45
2025-03-09,Team C,Michael,95,93.2,356,4.13,2,95.95
2025-10-10,Team B,Grace,116,93.68,301,4.36,1,97.65
2025-03-14,Team C,Aaron,111,97.14,255,4.61,1,96.59
2025-02-16,Team D,John,81,90.9,276,4.91,2,95.4
2025-10-31,Team C,Rachel,80,95.68,228,4.38,3,95.21
2025-04-17,Team A,Jason,107,90.64,250,4.49,3,97.44
2025-07-07,Team B,Lisa,114,90.7,292,4.66,1,96.05
2025-03-02,Team C,Sarah,56,90.96,274,4.62,0,95.68
2025-05-13,Team A,Rachel,97,94.64,387,4.33,0,95.79
2025-08-22,Team C,Nicole,96,93.33,326,4.58,3,94.87
2025-12-02,Team A,Michael,81,90.45,328,5,2,96.35
2025-11-09,Team C,Kevin,87,94.42,273,4.57,1,94.16
2025-09-04,Team D,Mary,106,93.48,338,3.85,2,98.24
2025-06-11,Team A,Rachel,112,88.75,349,4.36,1,94.81
2025-06-01,Team D,Daniel,53,97.24,387,3.7,2,90.73
2025-09-03,Team A,Mary,85,92.87,416,4.37,2,97.45
2025-10-09,Team A,Alex,85,88.65,305,4.38,1,100
2025-04-27,Team C,Amy,68,96.73,326,4.51,2,96.68
2025-07-25,Team A,Aaron,79,96.65,303,4.4,2,94.21
2025-05-16,Team B,Emma,74,95.55,207,4.22,2,96.42
2025-08-09,Team C,Rachel,68,90.93,257,3.96,0,94.79
2025-11-27,Team B,Daniel,51,92.45,352,4.49,2,96.61
2025-07-26,Team D,Sarah,91,97.37,355,4.64,2,98.15
2025-01-29,Team C,Jason,107,89.31,385,4.07,2,95.3
2025-12-12,Team D,Rachel,112,96.33,315,4.03,2,93.82
2025-04-04,Team B,Sophia,73,95.83,363,5,0,98.84
2025-12-12,Team C,Grace,83,94.63,401,5,2,98.59
2025-04-20,Team A,Sarah,86,94.84,346,4.5,3,95.94
2025-09-14,Team A,Emma,99,92.39,342,4.73,3,99.45
2025-04-14,Team A,Emma,86,93.7,300,4.58,6,97.79
2025-12-13,Team C,Chris,68,89.52,305,4.73,0,95.53
2025-03-27,Team B,Olivia,77,93.72,344,4.17,1,95.2
2025-01-03,Team D,David,88,96.14,327,4.41,3,97
2025-05-19,Team B,Mary,64,94.1,214,4.59,1,97.77
2025-07-08,Team B,Grace,77,93.46,328,4.42,0,99.22
2025-11-23,Team D,John,90,94.69,276,5,2,94.94
2025-04-22,Team A,Daniel,55,86.85,349,4.48,6,95.16
2025-10-26,Team B,Nicole,88,92.78,297,4.46,3,94.48
2025-02-14,Team C,Chris,69,97.48,332,4.46,0,94.79
2025-08-27,Team C,Lisa,75,91.94,276,3.8,3,93.5
2025-04-08,Team B,Jason,75,90.89,233,4.33,0,95.49
2025-10-20,Team B,Lisa,81,91.77,295,4.02,0,97.17
2025-05-18,Team C,Michael,64,89.99,329,4.49,0,97.7
2025-07-09,Team A,Emma,107,90.88,370,4.43,3,95.8
2025-06-30,Team D,Mary,111,92.04,411,4.64,3,95.44
2025-08-07,Team A,Grace,97,99.32,300,4.95,1,97.17
2025-02-17,Team B,Amy,77,87.11,295,4.5,2,99.81
2025-12-12,Team B,Sarah,109,90.37,368,4.47,3,95.56
2025-07-19,Team C,Lisa,103,91.31,304,4.62,4,96.27
2025-03-25,Team C,Sarah,59,94.6,381,4.21,2,96.92
2025-02-27,Team D,Grace,95,93.54,341,4.81,0,97.48
2025-01-02,Team B,Grace,99,98.66,325,4.35,4,97.21
2025-12-03,Team D,Aaron,96,93.65,345,5,0,96.11
2025-11-04,Team A,Chris,77,88.34,304,4.47,1,94.21
2025-11-17,Team C,Lisa,113,95.59,333,3.97,4,95.14
2025-07-19,Team A,Michael,108,90.89,259,4.55,2,96.39
2025-01-28,Team B,Emma,71,95.87,363,4.84,2,95.78
2025-07-29,Team D,Lisa,73,93.99,321,4.38,1,97.4
2025-07-03,Team D,Olivia,97,92.68,254,4.66,1,95.61
2025-04-15,Team A,Sophia,107,87.88,242,4.32,2,97.19
2025-06-07,Team C,Nicole,88,98.14,316,3.84,2,97.82
2025-04-22,Team D,Chris,86,93.13,307,4.97,3,96.44
2025-07-22,Team A,David,74,92.25,248,4.53,5,96.59
2025-08-08,Team B,Kevin,90,91.28,299,3.95,2,96.25
2025-07-01,Team B,Chris,83,96.98,255,3.98,2,95.86
2025-03-19,Team A,Emma,72,89.13,333,4.47,3,93.84
2025-03-01,Team B,David,87,94.35,294,4.41,2,96.32
2025-09-30,Team A,Olivia,85,91.68,347,4.42,1,92.78
2025-12-03,Team C,Aaron,96,89.73,288,3.84,5,94.19
2025-11-20,Team D,Amy,74,89.4,305,4.45,1,98.04
2025-06-20,Team C,Kevin,98,91.51,317,4.21,1,95
2025-08-18,Team B,Grace,81,90.8,410,4.63,1,97.11
2025-05-02,Team A,Olivia,88,91.88,180,4.41,2,95.71
2025-11-19,Team B,Daniel,88,96.01,374,4.06,3,94.52
2025-07-12,Team D,Amy,72,99.55,311,3.99,1,95.61
2025-09-13,Team C,Mary,99,92.1,259,4.52,0,96.5
2025-11-10,Team B,Kevin,76,92.33,351,4.25,2,94.05
2025-05-01,Team B,Grace,70,87.27,385,4.42,0,95.18
2025-12-30,Team C,Chris,97,89.85,367,3.81,0,96.12
2025-03-20,Team C,Lisa,74,92.27,359,4.21,3,96.14
2025-10-19,Team A,Lisa,55,91.17,353,4.17,0,90.19
2025-07-14,Team C,Sarah,79,94.51,412,4.2,3,94.73
2025-11-15,Team D,Mary,110,90.4,398,4.14,1,97.05
2025-11-25,Team C,Aaron,80,88.6,294,4.69,3,97.03
2025-05-06,Team C,David,88,84.14,382,4.19,4,100
2025-09-30,Team D,Amy,70,92.64,321,3.9,0,94.94
2025-12-07,Team D,Jason,94,90.83,349,4.28,0,97.8
2025-01-12,Team C,Rachel,91,95.05,317,4.75,2,93.46
2025-08-25,Team B,Nicole,75,94.03,240,4.91,0,96.16
2025-08-14,Team D,Nicole,80,97.59,315,4.76,3,97.84
2025-01-15,Team D,David,109,98.85,281,4.4,0,92.66
2025-05-08,Team B,Sophia,100,93.4,313,3.92,3,97.75
2025-12-31,Team C,Amy,94,89.59,380,4.92,0,94.19
2025-03-28,Team B,Jason,102,93.61,307,4.38,3,97.59
2025-09-13,Team C,Olivia,71,97.07,378,4.44,3,91.7
2025-11-21,Team D,Lisa,98,92.15,289,4.39,5,96.55
2025-04-21,Team A,Michael,102,92.9,402,4.64,3,92.84
2025-06-16,Team D,Aaron,92,98.28,319,4.05,0,96.9
2025-03-27,Team D,Nicole,106,92.88,283,4.18,2,93.89
2025-05-17,Team D,Aaron,70,90.75,317,4.38,2,95.67
2025-08-18,Team A,Rachel,68,93.41,370,4.62,3,94.97
2025-04-26,Team B,Sarah,98,97.28,291,3.72,2,93.64
2025-01-28,Team C,Chris,101,91.44,279,4.38,1,94.04
2025-08-26,Team B,Nicole,84,90.22,308,4.34,2,97.92
2025-09-01,Team B,Emma,50,89.42,287,4.52,1,96.36
2025-11-02,Team B,Nicole,59,90.48,294,4.34,2,96.15
2025-03-12,Team B,Grace,88,96.08,375,4.23,1,97.72
2025-05-26,Team D,Amy,87,96.19,328,4.81,2,92.91
2025-05-12,Team B,Daniel,64,89.97,349,4.09,2,99.08
2025-06-01,Team B,Aaron,61,100,346,4.46,3,96.95
2025-09-03,Team A,Sophia,76,95.53,311,4.08,2,97.68
2025-08-24,Team B,David,88,92.21,251,4.21,1,94.37
2025-06-21,Team C,Emma,48,88.47,314,4.44,1,95.18
2025-05-30,Team D,David,84,97.2,347,3.94,1,96.26
2025-05-03,Team C,Alex,77,91.36,293,4.36,2,98.18
2025-12-06,Team C,Sarah,79,96.17,457,4.25,5,95.36
2025-09-23,Team C,Amy,77,95.46,238,4.44,4,97.96
2025-05-26,Team C,Aaron,53,96.44,283,4.93,1,93.99
2025-09-06,Team B,Amy,86,94.52,274,4.74,1,97.24
2025-10-28,Team B,Chris,100,90.31,254,4.55,2,95.3
2025-02-20,Team C,Aaron,103,90.37,405,3.88,3,94.41
2025-06-17,Team D,Emma,91,94.51,195,4.11,0,99.26
2025-08-24,Team C,Lisa,81,90,252,4.1,4,97.49
2025-04-13,Team C,Ryan,66,91.39,355,4.22,3,95.93
2025-01-21,Team B,Lisa,81,100,300,4.22,2,92.32
2025-02-07,Team B,Ryan,84,90.96,304,4.46,0,93.93
2025-01-19,Team B,Michael,71,92.01,357,4.01,2,92.58
2025-08-09,Team C,Aaron,97,88.4,361,4.15,1,93.66
2025-12-26,Team C,Grace,92,87.5,242,4.96,1,93.02
2025-03-29,Team D,Kevin,86,88.23,394,4.28,1,97.57
2025-05-23,Team C,Nicole,99,96.78,328,4.44,1,94.33
2025-04-15,Team D,Alex,95,92.17,342,4.26,3,95.27
2025-03-14,Team D,Jason,72,87.92,347,4.46,3,95.81
2025-07-28,Team A,Mary,91,92.78,344,4.82,1,97.62
2025-03-16,Team B,Nicole,72,95.29,242,4.21,3,96.84
2025-07-02,Team B,Michael,89,96.71,388,4.32,1,96.93
2025-03-21,Team D,Aaron,79,95.15,291,4.53,4,96.32
2025-04-25,Team B,Mary,118,92.96,313,4.47,3,94.86
2025-08-02,Team C,Jason,91,90.83,362,4.75,2,96.15
2025-08-07,Team D,Emma,82,94.62,368,4.03,2,99.39
2025-02-17,Team D,Alex,76,93.94,343,4.68,4,97.87
2025-12-01,Team C,Emma,81,95.73,301,4.63,2,93.92
2025-12-18,Team A,Nicole,91,93.12,248,4.01,2,96.03
2025-09-10,Team A,Emma,100,92.55,288,3.61,3,93.21
2025-01-22,Team C,David,92,96.21,260,3.71,2,97.79
2025-11-21,Team A,Nicole,59,90.61,452,4.61,3,100
2025-04-07,Team B,Jason,83,95.22,321,4.09,1,98.91
2025-04-15,Team C,Sarah,97,95.29,279,4.64,0,93.15
2025-07-01,Team A,Michael,113,91.18,376,4.41,1,95.58
2025-11-19,Team C,Grace,107,93.74,238,4.49,1,94.87
2025-11-28,Team B,Aaron,86,89.65,305,4.01,0,94.76
2025-01-22,Team C,Nicole,66,94.84,359,4.77,3,96.27
2025-07-26,Team B,Alex,71,93.96,344,4.26,1,95.59
2025-03-02,Team B,Lisa,88,92.03,307,4.4,0,98.52
2025-07-06,Team C,Jason,75,90.33,277,3.96,2,94.21
2025-05-05,Team A,David,92,94.43,370,4.92,0,94.1
2025-02-27,Team B,Aaron,66,87.62,300,4.36,1,95.2
2025-03-28,Team B,Amy,89,90.99,378,4.05,2,96.98
2025-01-03,Team B,Grace,113,95.05,329,4.6,3,96.92
2025-06-19,Team C,Sophia,83,97.83,361,4.73,1,95.07
2025-05-10,Team C,Sarah,46,94.54,300,4.01,0,98.23
2025-01-25,Team A,Amy,88,91.19,250,4.24,1,95.47
2025-11-14,Team D,Kevin,73,92.05,413,4.89,2,95.15
2025-10-01,Team B,Amy,81,95.42,239,4.46,0,95.68
2025-05-12,Team B,Nicole,110,98.28,312,4.3,1,99.91
2025-06-23,Team D,Michael,83,91.27,180,4.61,3,95.49
2025-12-29,Team A,Alex,60,96.15,291,4.42,2,95.68
2025-07-19,Team A,Jason,75,96.98,249,4.58,1,94.53
2025-07-18,Team A,Ryan,72,92.23,201,4.61,4,99.07
2025-08-24,Team B,Amy,100,95.88,343,4.05,6,96.34
2025-08-26,Team B,Ryan,100,91.35,237,4.85,3,96.19
2025-03-10,Team C,Chris,82,89.38,307,4.49,1,99.68
2025-01-17,Team B,Lisa,94,87.37,340,4.66,5,95.27
2025-09-14,Team D,Jason,74,89.55,337,4.84,5,93.01
2025-11-03,Team C,Sophia,132,89.63,332,3.78,2,95.75
2025-01-14,Team D,Grace,72,94.33,234,4.57,3,95.61
2025-09-03,Team A,Sophia,97,91.67,290,4.45,2,94.86
2025-02-08,Team D,John,72,90.72,313,4.19,2,94.78
2025-10-09,Team A,Daniel,78,96.96,224,4.03,3,95.55
2025-03-25,Team C,Aaron,72,98.05,412,4.03,0,93.76
2025-06-21,Team A,Rachel,87,96.18,228,4.44,3,94.7
2025-07-27,Team A,Sophia,72,95.62,318,4.68,1,100
2025-03-31,Team D,Sophia,88,94.2,376,4.43,1,98.13
2025-07-23,Team D,Lisa,80,95.32,351,4.44,2,93.54
2025-06-27,Team C,Rachel,115,92.14,239,4.17,1,93.53
2025-04-18,Team B,David,76,92.96,326,4.29,3,92.79
2025-09-12,Team D,Lisa,79,93.15,317,4.25,2,97.72
2025-07-01,Team D,Alex,86,89.7,391,4.37,4,96.44
2025-05-23,Team B,Chris,82,91.13,270,4.07,5,98.11
2025-05-26,Team C,Alex,82,99.18,348,4.59,1,92.87
2025-07-26,Team D,Rachel,71,88.73,280,4.5,4,98.21
2025-05-12,Team A,Kevin,75,88.39,346,4.41,2,98.88
2025-08-04,Team A,Amy,111,93.89,354,4.37,2,97.58
2025-08-30,Team C,Michael,91,94.88,338,4.24,0,95.1
2025-05-31,Team D,Amy,57,93.34,377,4.37,1,95.21
2025-11-04,Team C,Ryan,74,92.41,286,3.81,0,95
2025-01-10,Team B,Aaron,69,93.18,325,4.51,1,95.3
2025-10-23,Team B,Daniel,65,92.52,366,3.89,3,100
2025-01-21,Team D,Amy,85,94.68,232,4.29,2,94.03
2025-12-19,Team A,Ryan,70,93.33,288,4.55,1,90.29
2025-04-19,Team B,Amy,82,94.29,362,4.44,0,96.09
2025-01-17,Team C,Chris,93,98.79,337,4.16,4,97.37
2025-07-16,Team B,Sophia,77,92.11,293,4.32,1,96.62
2025-10-06,Team A,John,90,90.45,224,4.37,3,99.02
2025-11-17,Team A,Michael,72,95.33,305,4.3,1,97.94
2025-03-23,Team D,Lisa,104,97.89,351,4.17,3,95.52
2025-09-12,Team C,Alex,97,100,364,4.55,2,94.91
2025-10-31,Team D,Emma,73,94.24,289,4.43,4,99.19
2025-10-24,Team C,Aaron,73,93.61,297,4.46,2,95.72
2025-01-03,Team B,Rachel,103,88.44,315,4.56,0,95.3
2025-03-29,Team A,Nicole,78,88.9,271,4.61,3,94.74
2025-06-17,Team D,Alex,95,93.13,232,4.55,3,96.77
2025-12-21,Team A,Kevin,75,91.43,311,4.72,1,98.28
2025-12-19,Team A,Lisa,122,98.44,229,4.94,1,96.29
2025-04-26,Team B,Alex,55,92.75,320,4,1,93.8
2025-05-25,Team A,Daniel,83,91.49,276,3.95,3,97.83
2025-03-13,Team A,Michael,76,99.29,293,4.41,1,92.52
2025-05-18,Team C,Rachel,76,92.16,310,4.29,2,100
2025-11-21,Team C,Jason,91,96.32,299,4.21,4,96.65
2025-12-15,Team B,Aaron,77,88.88,199,4.54,2,98.63
2025-01-21,Team C,Emma,92,96.22,276,4.5,4,98.16
2025-03-10,Team A,Mary,78,97.44,310,4.6,5,95.68
2025-12-12,Team B,Sophia,82,91.59,284,4.49,0,96.86
2025-01-13,Team D,Amy,74,90.59,316,4.7,1,97.06
2025-06-23,Team A,Daniel,73,86.94,260,4.77,2,96.23
2025-10-29,Team C,Grace,112,94.79,218,4.46,1,95.36
2025-03-25,Team A,David,86,91.12,324,4.22,2,92.9
2025-03-31,Team A,Aaron,94,95.12,294,4.69,3,98.26
2025-11-18,Team A,Kevin,67,94.4,413,4.77,3,97.28
2025-07-31,Team A,John,91,93.6,315,4.42,1,95.08
2025-11-27,Team D,Sophia,84,91.1,353,4.17,2,98.05
2025-08-06,Team C,Sarah,78,86.49,260,4.11,2,93.29
2025-01-07,Team A,John,89,90.77,317,4.55,3,94.85
2025-08-05,Team D,Aaron,80,91.75,337,4.5,1,94.2
2025-06-13,Team D,Sarah,75,91.52,303,4.13,1,96.85
2025-08-31,Team A,Olivia,43,89.85,293,4.4,2,95.57
2025-01-02,Team C,Kevin,86,93.26,396,3.99,2,96.74
2025-04-10,Team B,Kevin,93,91.66,269,4.71,2,94.7
2025-06-21,Team C,Amy,82,93.57,324,4.23,2,99.46
2025-02-21,Team A,Lisa,72,97.36,320,4.22,2,95.4
2025-10-13,Team A,Mary,85,93.31,260,4.31,3,97.45
2025-11-29,Team B,David,87,98.33,296,4.17,2,97.09
2025-02-24,Team C,Ryan,86,91.99,300,4.67,4,95.4
2025-02-13,Team B,Grace,86,89.92,295,4.67,2,96.57
2025-10-02,Team A,Daniel,76,94.25,261,5,1,99.31
2025-08-17,Team C,John,76,95.02,291,3.99,2,96.83
2025-10-09,Team A,Chris,90,95.51,286,3.53,1,91.97
2025-05-14,Team B,Grace,42,98.25,300,4.33,1,100
2025-07-05,Team B,Olivia,90,92.6,430,4.57,1,94.4
2025-05-21,Team A,Kevin,81,91.3,274,4.39,3,94.71
2025-05-11,Team C,Rachel,94,88.11,344,4.08,3,97.72
2025-11-29,Team A,Mary,88,92.79,302,4.45,4,92.99
2025-12-17,Team B,Kevin,83,93.73,367,4.56,1,97.02
2025-11-17,Team A,Alex,104,95.37,333,4.11,0,96.65
2025-10-10,Team B,Emma,76,93.07,331,4.23,2,94.9
2025-10-29,Team B,David,94,93.24,318,5,1,98.37
2025-08-08,Team D,Daniel,95,93.34,370,4.56,0,91.93
2025-09-12,Team A,Emma,116,90.56,338,4.18,3,97.33
2025-02-17,Team A,Aaron,103,95.06,241,4.57,0,96.58
2025-03-10,Team D,Lisa,71,91.34,339,5,0,100
2025-11-28,Team A,Ryan,86,93.54,314,4.16,0,96.06
2025-07-07,Team C,Grace,83,91.23,334,4.12,3,93.68
2025-03-01,Team C,Amy,69,92.62,377,4.35,1,95.77
2025-07-05,Team B,Nicole,64,97.01,338,4.72,1,94.87
2025-01-18,Team A,John,86,93.76,351,5,3,94.83
2025-08-10,Team C,Michael,92,92.84,313,5,3,99.67
2025-09-30,Team D,Kevin,58,92.94,303,4.45,2,98
2025-04-11,Team B,Ryan,70,91.93,340,4.3,3,97.73
2025-09-30,Team B,Lisa,77,92.01,331,4.1,2,89.9
2025-11-24,Team D,Rachel,78,88.72,326,4.32,4,94.26
2025-01-15,Team C,Daniel,105,91.04,279,4.42,0,95.6
2025-11-02,Team B,Aaron,71,86.47,293,4.23,4,96.96
2025-11-19,Team A,Jason,74,94.25,306,4.48,1,93.27
2025-11-30,Team D,Kevin,74,93.93,250,4,1,98.02
2025-12-03,Team C,Mary,87,95.95,380,4.12,2,93.21
2025-11-22,Team C,Emma,76,91.82,308,4.39,1,95.94
2025-08-02,Team B,John,86,94.49,234,4.45,3,97.32
2025-04-28,Team A,Lisa,100,92.1,294,5,0,97.65
2025-10-20,Team B,Jason,71,94.81,279,4.32,1,98.66
2025-06-05,Team A,Alex,57,85.75,321,4.1,2,92.33
2025-10-17,Team B,Aaron,97,95.43,263,4.51,2,93.42
2025-12-02,Team C,Lisa,82,92.21,274,4.38,1,98.05
2025-09-15,Team D,Emma,80,91.22,250,4.79,1,100
2025-07-02,Team D,David,102,97.2,399,4.44,2,98.35
2025-10-16,Team B,Lisa,72,93.22,373,4.14,5,94.16
2025-10-05,Team C,Amy,106,90.82,180,4.23,2,98.62
2025-12-18,Team C,Sophia,111,92.63,264,4.01,1,94.88
2025-09-19,Team D,Aaron,81,100,351,4.2,2,95.55
2025-01-12,Team B,Michael,95,100,360,4.15,1,92.41
2025-10-18,Team A,Nicole,80,96.15,344,4.18,3,95.72
2025-04-13,Team D,Jason,86,91.46,214,5,2,92.81
2025-05-21,Team C,Grace,81,87.52,372,4.4,5,93.48
2025-11-29,Team C,Ryan,88,95.7,296,4.41,1,97.83
2025-04-19,Team C,David,115,92.2,380,4.79,1,97.71
2025-07-23,Team D,Olivia,53,92.93,376,4.34,2,95.35
2025-06-15,Team B,Kevin,96,90.64,353,4.23,0,94.92
2025-06-25,Team D,Jason,85,97.82,318,4.49,0,95.13
2025-11-14,Team A,Grace,60,96.91,294,4,2,95.94
2025-04-02,Team B,Nicole,70,93.41,324,4.08,1,97.91
2025-11-27,Team B,Lisa,119,87.87,292,4.24,0,96.25
2025-11-14,Team C,Olivia,75,93.44,273,4.63,6,95.21
2025-11-14,Team C,Michael,99,95.12,379,4.54,4,98.12
2025-07-23,Team A,Lisa,77,100,318,3.98,3,92.84
2025-11-07,Team A,Michael,97,92.23,316,4.61,1,94.63
2025-10-07,Team C,Kevin,87,93.29,341,4.65,0,97.04
2025-11-27,Team C,Ryan,91,90.62,353,4.91,5,96.53
2025-05-04,Team C,Jason,100,91.78,365,4.44,1,95.75
2025-11-22,Team C,Daniel,81,99.83,277,4.56,2,94.94
2025-06-02,Team A,John,67,93.03,223,4.2,2,97.59
2025-04-03,Team D,David,99,93.7,367,3.95,1,99.32
2025-01-06,Team D,Ryan,65,96.78,336,4.89,1,96.42
2025-08-26,Team D,Nicole,85,95,310,5,4,96.08
2025-05-21,Team A,David,93,91.23,227,4.27,3,95.34
2025-10-23,Team A,Nicole,77,93.31,246,3.89,3,95.65
2025-06-04,Team B,Ryan,87,91.75,423,4.52,2,96.48
2025-09-03,Team C,Rachel,56,91.9,310,4.78,5,94.41
2025-07-20,Team D,Kevin,110,90.34,345,3.99,1,92.54
2025-04-02,Team B,Emma,84,95.46,341,4.11,1,94.92
2025-06-03,Team C,Emma,86,92.3,219,4.65,3,98.59
2025-12-19,Team D,Olivia,77,93.79,381,4.56,1,100
2025-08-26,Team A,Michael,127,97.9,239,4.16,2,95.27
2025-02-11,Team B,Rachel,104,95.47,381,4.74,2,94.95
2025-11-04,Team C,Kevin,101,92.13,287,4.65,1,95.95
2025-05-30,Team B,Sophia,53,94.43,279,4.34,4,92.77
2025-07-11,Team B,Lisa,82,97.11,270,4.26,2,98.17
2025-05-05,Team B,John,88,92.48,369,4.23,2,96.68
2025-08-24,Team A,Kevin,74,92.83,400,4.87,0,96.08
2025-01-14,Team D,Sarah,91,88.61,354,4.43,1,92.31
2025-07-23,Team D,Aaron,99,90.31,333,4.39,0,95.45
2025-03-06,Team C,Sarah,51,90.96,243,4.46,2,98.18
2025-11-29,Team A,David,57,92.18,317,4.43,0,94.62
2025-05-19,Team D,Rachel,85,94.72,210,4.57,3,97.05
2025-07-17,Team B,Michael,100,94.71,285,4.4,7,93.87
2025-01-01,Team A,Lisa,85,95.53,321,4.81,3,92.97
2025-11-26,Team B,Kevin,99,91.57,323,3.81,3,97.74
2025-11-22,Team C,Daniel,109,88.74,390,4.53,2,95.34
2025-02-16,Team A,Mary,72,91.61,295,3.92,2,95.63
2025-08-18,Team D,Lisa,57,96.48,325,5,4,95.54
2025-01-31,Team B,Lisa,63,91.74,254,4.64,0,97.38
2025-01-09,Team B,Sophia,75,90.91,272,4.28,4,93.75
2025-08-01,Team D,Nicole,87,96.1,261,4.86,3,93.53
2025-03-29,Team C,Michael,85,87.06,306,4.4,4,99.17
2025-12-18,Team A,Michael,74,95.26,369,4.38,2,96.34
2025-09-03,Team A,Sophia,49,88.88,368,4.82,1,93.58
2025-02-15,Team D,Emma,99,94.2,278,4.24,1,96.78
2025-05-30,Team D,John,72,91.55,362,4.08,1,90.94
2025-04-26,Team A,Chris,104,89.89,267,3.72,3,92.79
2025-03-24,Team A,Chris,65,90.76,286,4.63,1,94.77
2025-10-06,Team C,Amy,82,92.67,384,4.18,5,93.89
2025-05-08,Team A,Rachel,79,95.27,253,4.73,3,95.72
2025-01-25,Team D,Daniel,70,94.22,311,4.59,1,95.87
2025-11-24,Team A,David,63,92.07,225,4.32,3,92.52
2025-12-11,Team D,Chris,115,93.69,297,4.5,1,93.57
2025-12-21,Team C,Michael,84,92.48,321,4.23,2,92.98
2025-08-25,Team D,Daniel,62,95.84,331,4.55,0,98.25
2025-09-11,Team A,Grace,58,89.15,364,4.22,4,94.05
2025-02-06,Team C,Alex,65,91.86,364,4.41,1,97.32
2025-04-19,Team A,Lisa,111,96.12,324,4.25,0,90.89
2025-02-26,Team B,Grace,83,93.52,419,4.26,1,97.22
2025-09-22,Team C,Jason,90,95.58,357,4.29,1,100
2025-06-12,Team C,Emma,72,93.03,372,4.01,1,96.65
2025-05-27,Team C,Chris,103,90.23,370,4.33,3,96.26
2025-11-05,Team D,Emma,72,95.8,374,4.24,1,96.21
2025-03-23,Team D,Sarah,89,88.24,320,4.82,3,95.11
2025-03-30,Team A,Emma,102,99.21,384,3.34,2,96.72
2025-01-08,Team B,Grace,77,95.36,387,4.33,3,96.98
2025-08-19,Team D,Mary,76,90.73,260,4.41,6,95.2
2025-12-08,Team D,Kevin,73,99.67,394,4.63,0,92.12
2025-04-13,Team D,Rachel,54,94.65,437,4.23,5,92.39
2025-08-10,Team C,Jason,89,92.6,327,4.51,3,96.64
2025-03-03,Team A,Sarah,99,91.36,234,4.13,1,95.86
2025-05-08,Team C,David,75,93.63,291,4.85,2,95.22
2025-02-28,Team D,John,104,93.33,323,4.59,3,98.19
2025-05-11,Team A,Aaron,111,86.19,309,4.13,1,96.68
2025-09-30,Team A,Sophia,83,92.35,311,4.95,1,99.01
2025-05-19,Team C,Nicole,80,93.32,304,4.59,1,95.84
2025-03-30,Team D,Chris,95,90.49,335,4.01,3,93.53
2025-05-15,Team D,Nicole,74,94.37,424,4.36,3,97.18
2025-12-27,Team B,Daniel,89,97.43,331,4.24,1,94.01
2025-06-05,Team A,Sophia,96,96.53,326,3.71,2,95.28
2025-01-02,Team B,Sophia,75,87.87,267,4.13,1,97.64
2025-02-23,Team D,Grace,68,93.81,378,3.96,1,97.61
2025-09-11,Team D,Jason,83,93.1,328,4.81,1,93.79
2025-02-19,Team A,Sophia,97,87.29,392,4.03,2,94.82
2025-05-25,Team C,Sarah,60,91.95,317,4.79,2,96.49
2025-08-20,Team C,David,77,94.59,265,4.45,2,93.69
2025-07-03,Team C,Grace,76,91.39,384,4.32,3,95.46
2025-08-07,Team A,Amy,107,94.46,408,4.64,0,93.46
2025-08-01,Team B,Kevin,114,91.63,274,4.4,3,95.09
2025-02-13,Team D,John,86,96.3,300,4.76,2,99.14
2025-03-21,Team C,Amy,83,85.43,312,4.72,1,95.65
2025-08-13,Team B,John,41,94.29,359,4.24,1,94.46
2025-04-07,Team A,Michael,94,89.7,382,4.45,0,96.33
2025-10-09,Team A,Sarah,69,94.53,303,4.01,1,96.51
2025-09-05,Team C,Grace,76,95.54,357,4.2,0,96.21
2025-06-28,Team D,Grace,50,96.68,240,4.77,2,100
2025-05-27,Team A,Chris,82,89.5,292,4.4,2,97.37
2025-10-02,Team B,Nicole,79,95.11,293,4.48,2,96.24
2025-08-11,Team A,Ryan,92,98.88,340,3.96,1,93.11
2025-01-31,Team C,Sophia,103,96,296,4.68,0,94.17
2025-04-26,Team D,Olivia,69,96.18,249,4.27,4,97.89
2025-10-10,Team A,Sophia,102,90.51,408,4.45,0,99.49
2025-01-06,Team A,David,93,93.92,270,4.56,3,96.94
2025-02-07,Team A,Jason,67,88.25,359,4.23,1,95.93
2025-08-17,Team D,Ryan,87,96.28,343,4.14,3,96.5
2025-04-10,Team A,Michael,90,96.02,323,4.45,2,93.89
2025-07-02,Team D,David,92,90.33,248,4.42,2,97.18
2025-09-25,Team D,Ryan,95,90.73,344,4.54,2,97.43
2025-09-19,Team A,Aaron,105,96.06,301,4.66,4,99.08
2025-06-06,Team A,Ryan,92,93.8,312,4.49,3,93.56
2025-11-12,Team B,Lisa,79,94.6,353,4.44,3,97.48
2025-09-27,Team D,Sarah,104,91.2,375,4.4,0,95.56
2025-01-09,Team A,Ryan,65,91.03,281,4.37,3,96.07
2025-01-19,Team A,Lisa,89,93.49,272,4.91,2,94.73
2025-11-27,Team D,Kevin,95,93.68,351,4.07,0,93.73
2025-08-11,Team D,Aaron,90,100,276,4.56,2,94.55
2025-05-17,Team D,Kevin,85,95.99,413,4.62,3,96.29
2025-10-26,Team D,Jason,73,88.68,361,4.15,3,95.49
2025-02-17,Team A,Alex,85,93.07,180,4.75,0,95.97
2025-07-30,Team B,Ryan,95,93.19,301,3.96,3,96.52
2025-03-11,Team B,Sophia,76,90.58,309,4.82,2,98.44
2025-08-19,Team A,Aaron,85,92.52,274,4.43,3,92.87
2025-01-18,Team A,Mary,108,91.16,376,4.35,3,95.24
2025-06-15,Team A,Chris,65,99.72,273,4.12,3,99.05
2025-04-21,Team A,Aaron,65,95.24,322,4.78,0,92.17
2025-08-20,Team A,Daniel,107,88.57,371,4.02,0,93.26
2025-09-21,Team D,Daniel,72,96.51,368,4.49,0,93.06
2025-09-01,Team B,Emma,79,91.84,331,5,3,97.1
2025-04-11,Team D,Amy,76,95.39,330,4.27,4,92.59
2025-12-05,Team C,Ryan,71,91.18,318,4.07,1,93.95
2025-08-23,Team D,Emma,77,97.91,368,4.88,3,95.69
2025-12-17,Team D,Nicole,70,89.57,263,4.16,1,96.55
2025-05-22,Team D,David,84,91.42,304,4.16,2,99.92
2025-08-24,Team A,Sophia,97,93.8,327,4.45,0,94.72
2025-05-11,Team B,Amy,99,94.48,301,4.62,0,100
2025-05-13,Team C,Aaron,73,89.88,341,4.41,2,97.82
2025-12-28,Team A,Chris,91,96.67,303,4.88,2,95
2025-09-21,Team A,Kevin,97,94.71,332,4.74,3,100
2025-07-31,Team A,Grace,75,93.86,326,4.63,2,95.86
2025-03-19,Team D,Michael,85,89.28,350,4.73,2,97.43
2025-01-21,Team B,Rachel,73,89.4,262,5,2,97.23
2025-12-30,Team B,Aaron,92,91.67,305,4.37,2,96.17
2025-01-12,Team C,Michael,95,92.8,358,4.59,1,94.99
2025-03-24,Team A,Sophia,111,96.58,353,4.07,3,95.01
2025-01-04,Team B,Chris,84,91.97,290,3.81,2,97.8
2025-03-28,Team A,Mary,101,93.74,406,4.77,4,94.77
2025-11-22,Team B,Amy,116,88.84,321,4.53,1,95.49
2025-11-17,Team D,Daniel,64,94.8,354,4.55,3,95.75
2025-12-12,Team A,Grace,55,92.99,240,4.2,2,92.33
2025-03-26,Team C,Jason,88,89.13,366,4.62,4,94.59
2025-11-20,Team A,Kevin,72,97.94,308,4.7,1,99.57
2025-07-10,Team C,Chris,91,93.68,237,4.57,2,94.28
2025-06-30,Team C,Mary,112,92.79,396,4.76,1,97.34
2025-05-09,Team D,John,88,91.68,290,4.41,2,97.47
2025-10-20,Team B,Michael,103,90.84,406,4.63,2,98.82
2025-01-01,Team C,Mary,77,93.62,332,4.49,1,96.99
2025-07-30,Team B,Chris,100,90.27,307,4.49,0,95.43
2025-08-15,Team A,Rachel,96,93.84,222,4.18,1,95.34
2025-03-10,Team B,Sarah,102,89.19,302,4.91,3,98.58
2025-08-10,Team B,Nicole,77,91.86,279,4.4,2,93.05
2025-07-30,Team C,Rachel,66,97.27,397,4.66,1,96.29
2025-11-25,Team D,Amy,74,93.93,268,4.24,0,94.75
2025-01-19,Team C,Emma,101,93.85,303,4.39,0,97
2025-02-19,Team D,David,85,96.76,323,4.11,0,97.32
2025-04-16,Team A,Chris,88,90.01,357,4.6,6,94.94
2025-01-09,Team B,David,69,92.68,375,4.61,3,98.8
2025-03-13,Team D,Daniel,100,88.16,260,4.48,0,97.24
2025-04-18,Team A,Olivia,90,97.81,316,4.26,5,98.03
2025-03-21,Team B,David,108,93.31,391,4.32,1,95.57
2025-10-13,Team A,Chris,67,87.22,437,4.09,1,94.08
2025-08-31,Team B,Ryan,92,90.01,297,4.6,3,96.41
2025-10-07,Team C,Aaron,73,95.75,354,4.62,5,99.29
2025-01-14,Team C,Nicole,81,96.38,213,4.5,6,94.63
2025-05-22,Team D,Chris,105,97.2,300,4.67,0,93.86
2025-07-27,Team A,Ryan,90,89.06,300,4.39,2,97.19
2025-10-08,Team B,Sophia,67,94.87,410,4.6,0,98.17
2025-08-31,Team C,Ryan,65,97.61,314,4.49,5,97.73
2025-12-02,Team C,Emma,44,93.78,344,4.48,1,100
2025-01-29,Team B,Ryan,87,92.75,327,4.49,1,92.85
2025-03-17,Team D,Nicole,86,93.27,323,4.11,1,93.53
2025-09-16,Team D,Aaron,68,90.1,358,4.45,1,98.62
2025-06-19,Team C,David,99,92.19,264,3.88,1,95.76
2025-11-28,Team B,David,103,85.82,317,4.28,4,98.87
2025-07-04,Team B,Chris,89,91.33,278,4.71,0,97.06
2025-03-29,Team C,Lisa,90,85.52,295,4.76,1,93.91
2025-01-14,Team B,Sophia,111,87.08,363,4.1,5,94.26
2025-09-17,Team A,David,59,91.82,241,3.95,1,94.09
2025-07-31,Team D,Grace,92,94.24,334,4.34,4,92.99
2025-07-30,Team D,Alex,94,97.49,257,3.89,0,99.3
2025-01-30,Team B,Lisa,84,86.35,261,4.07,5,97.64
2025-03-13,Team B,Sophia,86,97.86,281,4.48,6,95.08
2025-09-03,Team C,Rachel,61,88.14,285,4.56,4,97.11
2025-04-11,Team D,Ryan,81,100,342,4.34,3,96
2025-08-14,Team B,Sarah,93,88.73,328,3.81,0,93.04
2025-08-31,Team D,Olivia,111,94.51,292,4.18,2,93.01
2025-05-15,Team C,Amy,84,100,319,4.31,6,93.85
2025-01-22,Team B,David,93,100,263,3.7,3,96.76
2025-07-11,Team C,Daniel,88,95.55,351,4.69,4,93.5
2025-06-14,Team D,Sarah,101,90.58,293,4,3,93.31
2025-01-13,Team C,Lisa,71,93.14,389,3.57,0,93.93
2025-01-13,Team A,Chris,62,98.42,288,4.37,2,96.46
2025-11-30,Team D,Rachel,72,91.45,255,4.24,1,99.12
2025-06-07,Team D,Nicole,91,91.6,301,4.49,1,94.28
2025-02-23,Team B,Sophia,71,98.54,335,4.17,2,95.37
2025-08-10,Team D,Nicole,101,89.14,265,5,2,97.43
2025-09-30,Team D,Emma,89,88.61,384,3.29,1,96.15
2025-08-20,Team B,Sophia,87,89.55,278,4.69,1,96.9
2025-07-18,Team D,Jason,71,91.71,368,4.79,2,97.92
2025-01-24,Team B,Emma,79,95.11,253,4.75,1,94
2025-01-27,Team B,Grace,58,100,324,4.74,2,96.46
2025-01-05,Team C,Rachel,73,98.83,296,4.39,2,99.82
2025-09-08,Team B,Lisa,102,94.74,345,4.63,1,97.05
2025-06-06,Team C,Grace,80,90.98,257,4.23,2,97.99
2025-08-18,Team B,Sophia,76,87.2,251,4.28,2,93.57
2025-01-09,Team C,Kevin,54,93.94,297,4.11,0,97.01
2025-03-19,Team B,Lisa,52,89,304,4.85,0,97.32
2025-03-30,Team C,David,85,99.53,375,4.49,1,99.23
2025-03-04,Team B,Grace,76,90.91,332,4.33,2,97.73
2025-01-22,Team C,Lisa,72,90.9,234,4.53,1,97.52
2025-03-09,Team B,Rachel,95,88.71,335,4.74,1,94.73
2025-04-17,Team B,Michael,108,94.79,284,4.44,0,92.89
2025-12-15,Team D,John,94,87.21,350,4.66,3,98.68
2025-01-11,Team C,Sophia,70,97.44,244,4.56,1,92.25
2025-11-28,Team A,Ryan,81,98.31,329,5,1,94.04
2025-01-20,Team A,David,60,94.86,285,4.33,0,95.56
2025-07-06,Team B,John,83,88.22,357,4.71,0,97.28
2025-03-09,Team D,Aaron,49,94.06,271,4.45,3,98.12
2025-01-20,Team B,Ryan,78,97.01,226,4.68,2,98.83
2025-10-01,Team B,Amy,77,92.87,387,3.82,4,97.45
2025-03-22,Team A,Grace,58,93.38,333,4.6,4,92.63
2025-11-22,Team B,Ryan,82,94.84,298,4.6,1,97.96
2025-10-17,Team D,Sophia,92,95.36,366,4.22,2,93.8
2025-11-10,Team A,David,100,94.07,300,4.37,0,97.95
2025-04-26,Team D,Sarah,88,93.39,397,4.24,4,93.81
2025-04-03,Team D,Jason,100,99.06,404,4.05,2,97.99
2025-06-09,Team A,Emma,82,92.73,344,4.87,3,97.52
2025-11-04,Team B,Olivia,105,94.17,392,4.36,3,93.77
2025-12-27,Team A,Mary,112,99.08,422,4.06,1,95.98
2025-11-27,Team A,Rachel,75,89.87,336,3.93,0,95.61
2025-09-30,Team D,Alex,92,93.96,334,4.24,1,94.45
2025-01-24,Team D,Daniel,105,97.94,432,4.74,1,95.21
2025-02-03,Team A,Aaron,78,90.82,267,5,2,93.21
2025-09-05,Team D,Nicole,85,89.37,369,4.33,0,96.07
2025-04-20,Team B,Alex,101,96.06,352,4.65,1,96.34
2025-12-21,Team C,Daniel,91,86.98,363,5,3,95.48
2025-10-24,Team A,Rachel,98,93.7,301,4.26,2,96.79
2025-08-24,Team D,Grace,101,96.22,316,4.97,3,95.69
2025-05-04,Team C,Chris,84,96.09,282,4.06,1,94.46
2025-08-03,Team A,Chris,56,90.82,347,4.2,4,98.25
2025-01-16,Team C,Olivia,96,90.22,382,4.51,0,92.38
2025-11-22,Team D,Sarah,86,93.53,355,4.84,2,100
2025-10-04,Team D,Chris,95,96.39,393,4.41,0,95.28
2025-02-05,Team A,Lisa,84,97.77,307,4.68,1,96.91
2025-10-25,Team D,Daniel,111,91.49,378,4.79,2,97.73
2025-03-23,Team C,Michael,67,88.47,323,4.67,1,94.39
2025-03-11,Team B,Emma,93,98.94,297,4.76,1,96.29
2025-06-20,Team C,Sarah,79,95.3,244,3.9,1,94.89
2025-02-22,Team B,Kevin,98,92.05,335,4.53,3,97.67
2025-09-09,Team D,Aaron,93,94.6,351,3.98,3,95.92
2025-02-12,Team C,Olivia,107,91.49,326,4.45,2,96.4
2025-09-11,Team A,Jason,71,83.91,345,3.87,1,93.15
2025-12-22,Team A,Emma,77,93.76,293,4.59,2,95.38
2025-05-14,Team A,Jason,86,95.36,230,4.85,4,96.8
2025-02-26,Team A,Daniel,91,98.2,353,4.33,2,95.53
2025-10-06,Team B,Nicole,85,92.49,266,4.46,1,95.33
2025-01-16,Team C,Rachel,94,95.84,304,4.03,1,98.55
2025-05-12,Team D,Sarah,98,90.05,271,4.7,3,94.98
2025-04-17,Team D,David,71,91.32,304,4.3,4,94.75
2025-07-18,Team D,Amy,119,93.16,372,4.09,2,93.27
2025-04-17,Team C,Lisa,90,98.18,326,4.63,2,96.2
2025-03-06,Team B,Alex,87,89.34,279,4.42,2,99.57
2025-04-26,Team B,Ryan,81,94.83,327,4.24,2,96.44
2025-12-23,Team A,Mary,100,91.79,245,3.79,2,93.5
2025-08-08,Team D,Grace,90,92.65,294,4.01,1,91.58
2025-03-06,Team C,Grace,91,92.43,356,4.01,2,92.96
2025-12-16,Team B,Sophia,92,92.91,308,4.39,2,98.45
2025-03-06,Team C,Sophia,62,89.61,368,4.66,0,94.55
2025-05-14,Team C,Kevin,71,90.86,313,3.5,3,97.43
2025-10-01,Team A,Emma,73,88.8,212,4.39,1,98.38
2025-11-02,Team D,Aaron,95,91.15,297,4.37,4,98.28
2025-03-03,Team B,Jason,60,91.28,361,4.38,3,93.75
2025-02-14,Team C,Rachel,100,92.87,302,4.4,2,95.16
2025-09-19,Team B,Alex,121,95.5,287,4.13,1,96.22
2025-08-06,Team C,Rachel,61,92.56,333,4.7,2,95.46
2025-02-13,Team C,John,99,95.11,412,4.27,1,98.87
2025-06-24,Team D,Jason,57,86.92,306,4.29,1,96.38
2025-01-03,Team B,Grace,62,91.36,335,4.17,2,96.11
2025-11-03,Team C,John,99,94.71,351,4.61,2,94.15
2025-02-15,Team D,Michael,84,96.37,301,4.26,2,95.26
2025-11-03,Team D,Jason,84,94.6,279,4.34,2,99.08
2025-09-09,Team D,Lisa,76,91.42,309,4.9,4,98.06
2025-03-13,Team B,Sarah,63,96.56,180,4.54,4,98
2025-08-30,Team D,Mary,108,92.86,283,4.14,2,97.51
2025-05-20,Team C,Kevin,87,90.54,385,4.15,2,97.8
2025-04-27,Team C,Aaron,104,100,274,4.34,1,94.76
2025-02-19,Team D,Kevin,83,91.79,320,4.44,0,92.66
2025-02-14,Team A,Nicole,96,93.39,267,4.94,3,97.28
2025-07-21,Team C,Jason,113,90,324,4.24,5,97.41
2025-08-16,Team C,Rachel,83,96.38,329,4.69,2,97.68
2025-01-05,Team B,Sarah,70,95.46,274,4.5,3,96.59
2025-11-17,Team A,Michael,88,90.82,323,4.67,5,95.36
2025-09-19,Team D,Jason,68,91.35,278,3.88,1,96.25
2025-08-03,Team A,Daniel,91,98.17,401,3.82,2,97.44
2025-03-04,Team D,Amy,89,91.65,331,4.58,1,97.71
2025-08-09,Team A,Kevin,69,91.9,360,4.43,2,97.28
2025-06-15,Team D,Aaron,80,89.45,315,4.62,2,95.51
2025-12-19,Team A,Alex,112,95.97,372,4.61,5,97.06
2025-03-21,Team C,Amy,104,89.21,368,4.16,2,93.63
2025-04-21,Team B,Aaron,63,91.07,297,4.09,3,99.05
2025-05-14,Team B,Mary,113,94.89,395,4.23,4,94.19
2025-07-18,Team D,Mary,104,92.83,327,4.54,2,92.21
2025-02-16,Team D,Olivia,94,93.46,281,4.39,2,97.32
2025-11-02,Team A,David,97,89.7,282,4.57,5,97.55
2025-10-29,Team C,Mary,109,91.99,320,4.32,1,95.09
2025-01-08,Team D,Lisa,69,95.9,252,4.51,2,97.24
2025-10-09,Team D,Aaron,87,92.05,350,4.13,1,96.28
2025-03-08,Team B,Lisa,69,92.75,308,4.38,5,95.23
2025-05-06,Team D,Mary,71,93.23,362,4.22,3,96.73
2025-09-26,Team D,Mary,81,91.08,323,4.07,2,98.61
2025-04-05,Team B,Olivia,71,93.1,312,4,4,98.14
2025-09-30,Team A,Michael,88,87.81,307,5,1,91.75
2025-01-23,Team A,Alex,81,90.21,294,4.38,0,99.78
2025-10-22,Team A,Grace,89,93.56,276,4.98,1,93.94
2025-09-17,Team A,Nicole,82,91.62,329,4.07,3,93.99
2025-06-27,Team C,Nicole,98,92.25,279,4.12,0,95.25
2025-09-09,Team B,Amy,105,89.83,310,4.81,3,95.61
2025-06-26,Team D,Chris,84,86.52,382,3.56,1,94.6
2025-01-15,Team B,Jason,76,98.78,264,4.67,2,98.32
2025-08-20,Team C,Sarah,84,92.28,420,4.47,0,99.32
2025-03-26,Team C,Aaron,81,95.46,271,4,5,96.91
2025-09-10,Team A,Nicole,87,90.03,325,4.45,2,96.54
2025-05-11,Team A,Ryan,75,94,366,5,2,95.36
2025-08-01,Team A,Lisa,83,96.41,337,4.8,3,93.08
2025-10-27,Team C,Sarah,88,93.23,408,4.51,0,94.89
2025-10-24,Team D,Mary,69,95.54,314,4.25,1,96.08
2025-07-22,Team C,Daniel,124,90.22,265,4.95,1,96.25
2025-08-24,Team C,David,60,90.39,211,4.13,2,95.92
2025-04-26,Team A,Rachel,97,96.82,341,4.89,3,95.42
2025-09-01,Team B,Olivia,86,89.52,310,5,3,95.59
2025-09-07,Team B,Olivia,87,87.95,285,4.58,2,95.7
2025-02-02,Team C,Ryan,60,94.04,288,4.18,1,98.17
2025-11-12,Team B,Ryan,84,93.79,292,4.54,1,94.91
2025-03-25,Team C,Emma,103,92.49,480,4.16,1,95.65
2025-01-25,Team C,David,108,91.37,383,4.48,4,94.43
2025-02-07,Team B,Olivia,100,91.32,254,4.47,0,99.5
2025-07-13,Team A,Sarah,103,94.67,351,4.6,3,97.89
2025-05-06,Team A,Sophia,116,94.79,288,4.42,3,93.41
2025-02-13,Team A,Aaron,84,91.58,284,4.92,1,98.85
2025-01-20,Team A,Ryan,82,91.75,331,3.99,1,97.09
2025-12-25,Team B,Alex,117,88.04,368,4.56,2,96.9
2025-01-05,Team D,Sarah,103,95.56,260,3.8,1,96.36
2025-09-19,Team B,Lisa,94,90.3,276,4.57,0,96.29
2025-12-08,Team B,Sophia,60,92.19,312,4.39,4,95.18
2025-04-21,Team D,John,69,99.03,267,4.54,1,97.79
2025-12-12,Team A,Aaron,51,92.41,361,4.08,2,96.34
2025-06-03,Team B,Rachel,93,97.73,357,4.43,4,92.14
2025-11-06,Team A,Kevin,100,91.11,243,3.74,2,96.3
2025-03-04,Team A,Kevin,69,90.98,375,4.58,3,92.23
2025-01-27,Team B,Sarah,55,88.48,342,4.84,0,97.66
2025-05-23,Team B,Nicole,96,95.91,287,4.43,2,97
2025-04-23,Team D,Kevin,82,95.52,278,4.25,2,99.04
2025-01-27,Team B,Mary,92,93.15,302,4.44,2,96.01
2025-10-05,Team D,Mary,77,86.82,290,4.2,1,97.86
2025-07-17,Team D,John,90,95.51,307,4.03,1,95.83
2025-08-19,Team B,Emma,115,97.09,316,5,0,93.94
2025-12-22,Team B,Sarah,76,88.76,335,4.36,2,96.8
2025-12-17,Team B,Chris,101,89.27,304,4.55,4,95.54
2025-03-31,Team D,Amy,84,92.8,304,4.73,0,94.01
2025-01-12,Team B,Olivia,64,98.11,373,4.05,5,95.02
2025-05-24,Team B,Grace,45,92.08,417,4.5,2,95.94
2025-09-06,Team C,David,66,94.14,233,4.49,5,99.7
2025-07-21,Team D,Kevin,70,89.87,201,4.66,0,94.14
2025-07-18,Team C,Lisa,91,93.97,259,4.53,2,97.66
2025-12-08,Team B,Lisa,71,95.44,273,4.46,4,95.66
2025-02-05,Team B,Alex,87,90.45,353,5,1,92.49
2025-08-18,Team B,Grace,91,92.25,339,4.53,3,95.71
2025-04-16,Team A,Nicole,90,95.03,238,4,1,93.21
2025-12-20,Team D,Daniel,105,94.24,337,4.85,1,95.81
2025-01-13,Team B,Nicole,88,91.16,323,4.01,2,94.09
2025-10-13,Team B,Olivia,99,91.16,319,4.15,1,94.25
2025-11-22,Team B,Mary,74,100,290,4.93,1,97.56
2025-02-15,Team C,Mary,94,95.56,320,4.71,0,97.92
2025-06-23,Team A,Nicole,42,94.15,393,4.14,1,93.66
2025-11-12,Team B,David,97,92.19,283,4.32,3,94.99
2025-10-08,Team C,Alex,92,95.52,367,4.46,2,94.63
2025-01-20,Team B,Kevin,84,93.18,416,4.42,1,98.36
2025-01-03,Team A,Grace,92,93.02,367,4.45,3,95.2
2025-08-10,Team B,Nicole,95,94.17,279,4.38,1,99.7
2025-09-18,Team D,Daniel,88,91.87,464,4.56,2,94.55
2025-07-29,Team C,Grace,112,93.49,401,4.22,2,95.64
2025-01-10,Team A,Alex,112,86.58,285,4.34,2,95.37
2025-11-20,Team A,Mary,87,90.26,363,4.56,3,94.16
2025-11-26,Team D,Grace,79,90.71,449,4.53,3,90.98
2025-12-23,Team A,Daniel,73,92.21,256,4.22,2,97.82
2025-01-10,Team C,Grace,77,99.45,319,4.32,1,94.49
2025-02-24,Team C,Lisa,72,88.04,408,4.72,1,96.54
2025-11-05,Team B,Kevin,68,89.5,383,4.06,0,94.56
2025-04-02,Team A,Daniel,95,92.05,262,4.55,4,97.99
2025-10-15,Team B,Grace,112,95.7,297,4.03,3,97.41
2025-11-04,Team D,Olivia,83,98.33,352,4.69,1,96.47
2025-10-23,Team D,Sarah,88,89.86,358,4.21,0,94.15
2025-09-06,Team A,Jason,93,94.86,309,4.08,2,97.73
2025-05-07,Team C,Daniel,87,94.41,338,4.63,2,97.02
2025-09-23,Team A,Chris,88,91.37,330,4.36,0,98.43
2025-05-15,Team C,Sophia,108,91.24,247,4.59,6,93.19
2025-09-21,Team A,Grace,59,93.77,401,4.05,1,100
2025-02-03,Team D,Michael,80,93.58,333,4.5,0,96.24
2025-08-07,Team A,Sarah,53,97.21,306,4.41,2,95.41
2025-07-26,Team B,Kevin,69,86.84,397,4.35,0,97.49
2025-12-27,Team D,Olivia,100,91.92,217,4.74,5,93.88
2025-11-09,Team C,Emma,72,87.89,309,4.42,5,96.85
2025-11-09,Team D,Amy,78,91.87,398,4.16,2,97.31
2025-09-02,Team B,Kevin,68,86.51,340,4.56,1,97.31
2025-05-28,Team A,Mary,112,95.42,258,4.77,0,94.84
2025-04-23,Team B,Olivia,53,91.73,323,4.32,2,96.7
2025-08-30,Team A,Sarah,82,89.5,360,4.68,2,95.02
2025-12-03,Team A,Aaron,71,92.91,344,4.63,6,99.53
2025-07-30,Team C,Amy,97,89.31,367,4.77,1,99.24
2025-07-17,Team C,Sarah,97,95.11,326,3.82,4,92.79
2025-12-15,Team C,Amy,78,91.46,361,4.62,1,95.76
2025-03-31,Team C,Emma,68,95.78,361,4.25,0,93.47
2025-04-01,Team A,John,109,93.83,277,4.41,3,93.27
2025-03-08,Team B,David,58,95.98,263,4.61,2,98.13
2025-07-22,Team C,Kevin,59,94.02,313,4.38,2,95.47
2025-10-02,Team D,Chris,65,94.28,375,3.97,5,95.63
2025-10-18,Team C,Alex,101,94.35,279,4.48,1,97.64
2025-12-04,Team B,Chris,64,94.65,317,4.67,2,97.76
2025-05-15,Team A,John,77,90.56,303,4,3,97.79
2025-03-28,Team D,Lisa,37,95.38,344,4.81,3,93.07
2025-12-23,Team A,Kevin,91,95.76,390,4.53,0,94.87
2025-06-15,Team C,John,73,94.54,229,4.59,2,93.67
2025-01-16,Team D,Daniel,79,94.38,313,4.48,1,95.54
2025-07-11,Team C,Aaron,89,91.76,314,4.29,0,97.21
2025-04-09,Team C,Emma,73,93.92,317,4.59,3,95.55
2025-05-20,Team D,Michael,87,92.53,355,4.52,1,95.65
2025-02-27,Team A,John,84,91.18,318,4.36,1,95.95
2025-09-10,Team B,Nicole,90,91.18,301,3.89,4,96.76
2025-08-19,Team B,Kevin,100,85.44,327,4.34,0,94.05
2025-07-12,Team A,Ryan,92,92.36,387,4.21,2,96.09
2025-10-12,Team C,Lisa,95,93.89,286,4.4,1,95.52
2025-08-03,Team A,Grace,86,94.1,310,4.69,2,95.29
2025-02-08,Team C,Michael,74,96.83,316,4.34,0,97.79
2025-10-12,Team B,Jason,45,95.56,255,4.82,1,93.76
2025-06-16,Team D,Kevin,87,93.95,311,4.06,4,97.75
2025-06-18,Team C,Ryan,78,88.83,271,4.46,1,96.15
2025-05-12,Team C,Mary,73,89.8,235,4.37,2,99.21
2025-04-22,Team C,Rachel,89,92.73,269,4.39,3,98.09
2025-08-02,Team D,Olivia,85,92.95,352,5,0,96.11
2025-07-13,Team B,Aaron,67,91.88,380,4.25,4,97.25
2025-07-29,Team B,Lisa,98,94.44,242,4.21,1,98.36
2025-04-18,Team B,Jason,109,95.19,315,4.81,2,96.14
2025-04-13,Team D,Jason,94,92.61,380,4.45,1,99.2
2025-12-06,Team D,Chris,66,89.25,371,3.88,2,99.56
2025-07-30,Team C,Alex,87,93.3,350,4.39,1,92.11
2025-06-16,Team C,David,105,96.57,292,4.37,4,97.4
2025-01-04,Team C,Grace,79,94.39,279,4.48,0,95.68
2025-07-20,Team C,Mary,94,93.98,348,4.45,0,96.46
2025-07-09,Team A,Alex,88,90.45,239,4.08,1,98.07
2025-06-01,Team C,Jason,65,99.96,305,3.87,2,96.87
2025-02-14,Team B,Michael,97,93.34,313,4.71,1,96.02
2025-04-13,Team C,Rachel,81,92.86,295,4.73,1,97.07
2025-09-23,Team C,Kevin,86,95.32,298,4.59,3,97.3
2025-09-27,Team A,Ryan,78,91.36,284,4.09,2,95.02
2025-01-09,Team B,Nicole,75,95.56,290,4.5,0,95.04
2025-07-09,Team D,David,107,94.15,313,4.47,3,94.04
2025-09-12,Team C,Chris,84,89.73,242,4.19,1,96.31
2025-08-15,Team A,Olivia,54,96.23,362,4.01,0,99.14
2025-07-23,Team B,Alex,86,93.73,383,4.22,3,95.22
2025-10-02,Team D,Ryan,107,96.84,269,4.71,2,96.17
2025-10-28,Team D,Sarah,69,94.47,395,4.22,2,95.5
2025-12-29,Team A,Daniel,78,88.32,252,4.62,0,94.48
2025-08-27,Team B,David,74,89.08,293,4.71,0,98.02
2025-04-18,Team A,Nicole,60,98.59,374,4.55,0,98.16
2025-01-11,Team B,Mary,83,92.15,270,4.26,3,93.8
2025-10-02,Team C,Sarah,100,90.58,407,3.81,2,96.76
2025-11-13,Team D,Nicole,106,90.65,416,4.57,1,97.04
2025-08-26,Team C,Jason,93,91.14,344,4.61,3,96.47
2025-05-25,Team B,Chris,72,91.29,368,4.51,0,99.09
2025-06-17,Team B,Daniel,94,95.24,300,4.49,0,96.09
2025-01-30,Team B,Nicole,82,88.56,189,4.25,1,95.93
2025-12-19,Team C,Michael,69,92.77,316,4.57,2,94.57
2025-05-17,Team A,Ryan,83,90.83,338,4.16,4,99.49
2025-06-07,Team B,Sophia,91,95.13,333,4.67,0,92.92
2025-09-11,Team A,Emma,91,92.08,309,4.39,2,95.2
2025-01-07,Team A,Amy,86,97.67,351,4.5,2,97.76
2025-04-13,Team A,Lisa,72,92.13,286,4.26,0,97.83
2025-12-18,Team C,Mary,88,89.85,326,4.45,3,97.59
2025-04-05,Team C,Sarah,68,92.29,378,4.29,3,95.84
2025-08-11,Team D,Lisa,64,87.21,305,4.38,0,97.79
2025-01-13,Team B,Amy,92,93.09,334,4.42,3,94.47
2025-06-17,Team A,Kevin,100,92.4,339,4.39,4,94.69
2025-04-17,Team A,Mary,87,92.52,285,4.73,2,96.48
2025-03-07,Team D,Daniel,69,95.53,316,4.36,2,97.08
2025-02-08,Team D,Daniel,67,98.16,302,4.34,2,94.36
2025-10-23,Team B,Alex,103,95.18,323,4.9,2,97.19
2025-03-14,Team C,Aaron,86,93.06,317,4.78,2,91.9
2025-12-08,Team C,Jason,83,94.52,309,4.47,1,96.9
2025-09-30,Team C,Grace,107,94.69,292,3.92,3,95.23
2025-02-04,Team B,Aaron,65,89.25,278,4.3,0,95.66
2025-03-20,Team D,Mary,70,90.61,370,4.01,0,95.4
2025-06-24,Team D,Jason,93,93.94,284,4.04,4,95.32
2025-04-13,Team D,Grace,89,92.45,336,5,1,94.53
2025-09-21,Team A,Emma,103,90.88,277,4.47,4,100
2025-09-07,Team D,Michael,79,95.17,362,4.19,1,99.5
2025-09-03,Team C,Lisa,82,90.85,301,4.09,2,98.3
2025-07-27,Team B,David,61,87.85,299,4.75,2,92.86
2025-08-06,Team C,John,80,91.35,326,4.69,1,98
2025-02-02,Team C,Nicole,100,91.2,281,4.38,3,98.41
2025-01-05,Team D,Lisa,96,95.79,356,3.97,3,92.08
2025-03-20,Team A,Emma,93,92.8,249,4.38,1,98.99
2025-07-28,Team A,Kevin,88,93.19,309,4.31,4,95.68
2025-08-20,Team C,Alex,81,95.08,354,4.83,2,96.34
2025-08-03,Team C,Sophia,79,88.36,301,4.89,0,96.93
2025-11-01,Team D,Kevin,77,93.56,339,4.09,3,92.8
2025-02-20,Team B,Chris,97,96.96,388,4.54,1,95.55
2025-04-27,Team D,Rachel,98,92.89,415,4.57,1,95.83
2025-01-15,Team C,Emma,81,94.34,349,4.4,1,99.12
2025-10-29,Team B,David,99,92.11,318,4.13,4,91.39
2025-12-09,Team D,Lisa,94,94.96,342,4.03,4,96
2025-01-19,Team C,Ryan,64,89.17,377,4.78,2,93.51
2025-08-08,Team A,Kevin,82,93.63,349,4.42,2,95.77
2025-08-06,Team B,Daniel,106,96.54,247,4.44,1,94.92
2025-04-15,Team A,Ryan,66,93.74,340,4.63,1,95.27
2025-09-19,Team B,Michael,88,94.08,357,4.57,0,96.1
2025-03-15,Team D,Kevin,78,96.21,264,4.5,1,96.39
2025-03-06,Team C,Grace,110,88.93,328,4.49,1,93.43
2025-06-29,Team D,Aaron,80,94.07,391,4.51,3,99.95
2025-01-10,Team A,John,79,96.45,322,4.07,0,97.06
2025-09-02,Team B,Chris,69,88.66,329,4.39,1,96.06
2025-09-26,Team A,Amy,68,93.77,262,4.06,4,91.28
2025-06-13,Team B,John,47,89.88,278,4.24,4,95.09
2025-11-28,Team D,Grace,79,94.51,416,3.99,0,92.09
2025-07-26,Team B,Jason,78,94.51,324,4.36,1,97.18
2025-07-31,Team B,Mary,93,93.7,281,4.33,4,97.01
2025-07-23,Team D,David,66,97.5,299,4.65,2,95.36
2025-12-02,Team B,Sarah,105,92.07,358,4.69,4,95.83
2025-01-30,Team C,Kevin,93,89.72,312,4.3,1,98.5
2025-12-01,Team D,Nicole,98,93.96,357,4.85,1,98.81
2025-09-26,Team A,David,101,97.14,317,4.74,0,97.94
2025-01-26,Team B,Rachel,66,96.19,390,4.47,2,97.94
2025-06-05,Team B,Nicole,80,94.64,350,5,2,95.18
2025-09-26,Team C,Aaron,69,92.36,283,4.46,3,94.75
2025-06-28,Team B,Grace,76,98.4,421,4.95,1,91.31
2025-02-11,Team A,Lisa,75,100,356,4.31,0,95.36
2025-03-27,Team A,Rachel,85,93.98,334,4.77,5,100
2025-10-20,Team B,Aaron,77,91.54,319,4.42,2,94.54
2025-08-09,Team D,Jason,93,98.11,358,4.07,0,97.19
2025-06-09,Team D,John,78,88.04,321,4.87,4,94.59
2025-02-12,Team A,Rachel,62,92.74,379,5,4,95.12
2025-03-12,Team C,Ryan,80,90.91,251,4.51,2,98.12
2025-08-08,Team B,Emma,112,94.66,303,4.25,1,97.98
2025-01-16,Team C,Rachel,71,95.47,367,4.55,2,94.92
2025-05-22,Team C,Rachel,71,92.6,321,4.19,0,96.74
2025-03-10,Team D,Sophia,101,93.83,348,4.48,1,98.47
2025-12-21,Team C,Mary,109,94.46,396,4.51,2,95.44
2025-12-01,Team C,Chris,75,94.36,344,4.66,4,97.34
2025-06-14,Team A,David,105,94.79,427,4.63,2,97.54
2025-10-12,Team B,Emma,107,89.74,292,4.59,1,94.35
2025-08-06,Team B,Chris,84,92.37,375,4.73,4,95.56
2025-05-09,Team A,Daniel,122,88.5,249,4.28,3,92.92
2025-09-08,Team D,Emma,83,90.05,351,4.83,0,96.35
2025-07-14,Team D,David,47,92.91,326,4.29,1,93.36
2025-04-20,Team D,Sophia,72,92.18,267,4.26,2,97.25
2025-10-01,Team C,Aaron,88,97.45,185,4.52,4,95.45
2025-06-08,Team B,Sophia,61,93.28,369,4.33,2,97.01
2025-12-13,Team A,Grace,103,93.85,314,3.66,3,97
2025-01-31,Team C,Olivia,86,90.91,450,4.79,3,98.23
2025-01-28,Team A,Mary,85,92.53,305,4.45,1,95.49
2025-11-07,Team D,Emma,44,91.59,371,4.34,1,93.84
2025-07-25,Team C,Rachel,76,97.36,414,4.56,4,97.2
2025-11-14,Team B,Alex,79,96.22,354,4.42,4,93.11
2025-08-04,Team D,Chris,109,96.56,346,4.79,2,95.6
2025-12-08,Team D,David,70,90.04,279,4.67,2,98.32
2025-01-21,Team D,Sophia,82,89.94,312,4.51,3,94.79
2025-01-16,Team D,David,78,88.51,358,4.82,1,95.36
2025-09-06,Team D,Alex,87,94.36,308,4.75,0,95.63
2025-06-29,Team B,Chris,100,90.88,382,4.45,0,95.98
2025-05-17,Team C,Amy,89,93.79,255,4.8,2,97.53
2025-10-02,Team C,Amy,70,90.52,385,4.48,3,92.82
2025-12-09,Team A,Rachel,78,92.48,235,4.09,2,93.63
2025-05-26,Team D,John,114,99.34,317,4.46,2,95.48
2025-05-08,Team B,Lisa,88,93.3,293,4.23,2,97.62
2025-08-21,Team B,Grace,82,93.34,326,3.68,2,97.84
2025-11-24,Team D,Jason,68,90.68,293,4.97,1,95.7
2025-05-11,Team B,Emma,66,91.79,267,4.26,0,95.1
2025-03-09,Team B,Mary,54,94.6,352,4.71,1,92.02
2025-11-03,Team C,Ryan,77,91.2,275,4.42,2,97
2025-06-17,Team C,Alex,55,94.69,333,3.72,2,96.05
2025-05-20,Team C,Lisa,64,98.29,281,4.33,0,96.17
2025-03-28,Team D,Michael,85,91.25,231,5,2,91.59
2025-07-03,Team D,Jason,88,88.73,328,4.82,1,98.84
2025-04-29,Team C,Ryan,115,96.27,302,4.62,2,94.28
2025-02-13,Team B,Emma,98,87.33,294,4.34,3,94.03
2025-06-21,Team A,Emma,63,92.28,292,4.17,1,98.61
2025-07-10,Team A,Jason,97,93.03,372,4.52,1,94.09
2025-02-10,Team D,Sophia,92,92.92,278,4.22,3,94.83
2025-01-10,Team B,Grace,82,95.77,296,3.97,1,98.48
2025-01-09,Team C,Rachel,81,98.81,275,4.18,3,93.08
2025-01-17,Team B,Lisa,73,87.25,275,4.49,2,95.95
2025-03-23,Team B,Sophia,87,92.75,297,4.24,1,95
2025-04-09,Team C,Daniel,82,93.58,271,4.25,3,94.57
2025-10-12,Team B,Ryan,111,90.32,214,4.58,1,97.17
2025-03-20,Team C,John,87,88.29,326,4.1,0,93.82
2025-11-07,Team C,Amy,74,95.02,230,4.8,2,98.25
2025-01-04,Team B,Mary,79,92.91,340,4.15,1,95.42
2025-08-31,Team B,Kevin,82,96.02,317,4.95,2,97.34
2025-08-16,Team B,Alex,61,94.29,370,4.54,3,95.54
2025-04-08,Team C,Kevin,92,92.75,310,4.6,2,99.69
2025-12-22,Team B,Olivia,80,94.35,337,4.67,0,93.92
2025-12-23,Team A,Grace,71,88.58,268,4.07,4,96.79
2025-12-27,Team B,Michael,119,88.68,384,4.6,0,97
2025-12-24,Team C,Sophia,74,95.69,303,4.51,3,97.4
2025-06-10,Team D,Ryan,90,98.16,289,4.79,2,99.15
2025-11-17,Team B,Sophia,98,96.82,253,4.37,1,96.27
2025-08-26,Team D,David,70,94.96,328,4.31,3,97.99
2025-11-11,Team D,Grace,71,91.25,376,4.18,1,97.71
2025-03-30,Team C,Ryan,76,88.12,296,4.02,2,99
2025-05-13,Team C,Emma,74,96.44,342,4.82,1,95.59
2025-06-09,Team A,Chris,87,91.91,397,5,2,96.21
2025-05-29,Team C,Michael,82,92.21,248,4.37,3,95.49
2025-07-21,Team D,John,74,98.38,340,4.63,0,94.42
2025-06-25,Team A,Sophia,88,90.9,274,4.4,5,92.76
2025-06-26,Team D,Emma,81,90.71,271,4.62,1,96.18
2025-10-10,Team D,Jason,96,92.58,449,3.92,2,100
2025-08-11,Team D,Aaron,103,96.1,311,4.28,2,96.6
2025-04-17,Team C,Jason,81,92.1,225,4.33,4,96.66
2025-02-25,Team A,Michael,100,95.8,334,4.08,1,98.91
2025-12-08,Team A,Sophia,58,88.71,223,4.33,2,92.96
2025-06-28,Team C,Aaron,122,98.34,285,4.72,3,95.39
2025-12-04,Team B,Grace,79,89.52,233,4.49,2,94.65
2025-12-15,Team B,John,83,88.77,300,4.4,1,93.85
2025-06-18,Team C,Amy,95,96.12,277,4.79,2,96.26
2025-08-21,Team A,Rachel,89,96.3,207,4.06,1,95.71
2025-01-21,Team C,Amy,83,93.29,365,4.91,1,97.28
2025-05-19,Team A,Ryan,117,91.9,420,4.64,4,92.86
2025-12-31,Team D,Kevin,80,99.42,407,4.17,2,98.92
2025-07-01,Team A,Sarah,80,98.83,312,4.71,3,91.9
2025-01-09,Team C,Mary,99,93.13,381,4.23,3,97.03
2025-02-26,Team A,Michael,75,94.52,284,4.47,2,98
2025-02-12,Team B,Lisa,98,93.44,271,4.28,1,98.66
2025-04-19,Team A,John,74,89.76,326,4.37,1,93.68
2025-08-01,Team B,David,79,91.45,345,4.21,4,93.74
2025-07-15,Team C,Chris,68,92.2,377,4.59,4,98.23
2025-10-11,Team D,Daniel,82,92.39,300,4.16,1,94.46
2025-09-11,Team D,John,84,90.23,347,4.59,1,93.11
2025-01-31,Team A,Lisa,72,97.37,346,4.49,6,93.36
2025-09-30,Team B,Alex,64,90.34,277,4.18,1,97.73
2025-09-23,Team C,Sophia,101,93.86,272,4.21,4,94.38
2025-09-12,Team C,Sophia,79,93.81,244,4.19,1,94.15
2025-10-14,Team B,Sarah,76,99.51,311,4.38,2,95.85
2025-03-05,Team C,Mary,72,92.95,318,4.24,1,99.25
2025-10-10,Team A,Aaron,64,92.17,316,4.63,0,97.06
2025-04-22,Team D,Aaron,88,93.13,305,4.24,1,96.14
2025-10-02,Team C,David,100,89.85,265,4.5,3,97.18
2025-07-06,Team A,Lisa,100,88.87,307,4.68,0,91.69
2025-05-08,Team D,Alex,88,84.08,256,4.18,3,96.58
2025-07-31,Team B,Olivia,94,94.42,338,4.35,3,97.5
2025-07-16,Team D,Lisa,76,99.04,457,4.33,2,96.21
2025-09-13,Team D,Michael,109,92.46,351,4.64,2,96.37
2025-10-31,Team C,David,68,93.08,316,4.6,2,94.02
2025-11-16,Team A,Sarah,101,92.36,296,4.18,0,94.66
2025-03-19,Team A,Jason,73,96.32,196,4.26,2,96.45
2025-10-06,Team C,John,64,99.41,352,4.05,2,95.42
2025-05-26,Team A,Aaron,95,94.24,256,4.33,2,95.64
2025-10-17,Team C,Jason,87,90.77,294,4.06,4,95.65
2025-02-28,Team C,Grace,86,97.41,316,4.34,5,97.49
2025-06-15,Team A,Rachel,87,90.26,348,4.43,3,98.02
2025-03-02,Team B,Olivia,119,92.46,275,4.41,2,96.05
2025-11-21,Team C,Olivia,68,93.22,287,4.46,1,93.65
2025-10-28,Team A,John,108,88.91,441,4.12,1,96.82
2025-03-01,Team A,Aaron,109,92.5,372,4.22,1,94.99
2025-05-29,Team D,Grace,69,91.26,372,4.1,3,92.92
2025-07-30,Team B,Rachel,97,90.18,273,4.45,1,96.45
2025-04-13,Team D,Lisa,105,96.28,368,4.52,4,96.11
2025-11-26,Team C,Sarah,93,87.7,356,4.23,0,96.73
2025-10-07,Team B,Emma,102,90.12,260,4.24,1,95.63
2025-10-26,Team C,Amy,99,84.34,305,3.9,1,96.27
2025-07-25,Team B,Michael,109,98.56,305,4.07,0,93.71
2025-08-16,Team C,Emma,91,97.97,322,3.94,2,95.93
2025-10-14,Team C,Aaron,91,89.44,303,4.6,3,97.02
2025-03-04,Team D,Mary,94,93.92,341,4.35,0,94.23
2025-02-25,Team C,Sophia,79,91.9,358,4.17,1,96.31
2025-10-26,Team D,Emma,74,86.56,358,4.6,3,95.98
2025-02-05,Team C,Alex,68,93.74,284,4,1,97.18
2025-12-17,Team A,Sophia,95,94.73,345,4.73,3,97.28
2025-04-21,Team C,Emma,79,92.77,236,4.66,3,90.47
2025-08-18,Team D,Kevin,59,95.55,381,4.19,1,93.1
2025-07-23,Team D,Emma,82,97.6,300,4.26,1,99.07
2025-05-07,Team B,Sophia,88,92.71,381,4.32,3,95.39
2025-05-01,Team D,Ryan,94,91.62,266,4.23,1,94.85
2025-09-05,Team B,Kevin,109,94.42,213,4.57,3,94.74
2025-09-14,Team B,Aaron,65,93.56,243,4.71,0,97.46
2025-04-25,Team B,Grace,83,89,273,4.52,1,94.47
2025-03-14,Team D,Grace,74,97.42,303,4.2,0,96.77
2025-12-12,Team B,Ryan,102,98.5,231,4.03,1,95.4
2025-01-06,Team B,Emma,78,87.11,296,4.3,2,95.43
2025-11-04,Team B,Mary,102,92.22,371,4.62,1,97.06
2025-07-23,Team A,Aaron,61,95.72,340,4.38,8,94.41
2025-02-01,Team A,Mary,81,97.39,251,4.39,2,98.06
2025-01-11,Team A,Michael,59,96.01,274,4.59,1,97.16
2025-03-30,Team A,Alex,88,90.23,252,4.7,2,95.08
2025-10-23,Team A,Jason,60,92.18,387,4.82,2,96.5
2025-02-20,Team D,Kevin,98,99.15,299,4.19,2,93.29
2025-08-20,Team D,Mary,83,96.99,275,4.99,1,94.53
2025-09-26,Team D,Rachel,68,87.96,319,4.69,3,96.96
2025-09-25,Team A,Nicole,84,92.39,311,4.66,3,97.51
2025-09-29,Team A,David,94,92.16,250,4.52,2,95.39
2025-06-11,Team A,Grace,100,91.91,335,4.69,2,95.58
2025-01-23,Team C,David,77,92.7,297,4.56,3,96.37
2025-09-18,Team A,Aaron,79,87.02,284,4.89,1,95.36
2025-05-11,Team C,Lisa,98,91.6,369,4.3,1,94.06
2025-06-30,Team A,Nicole,62,87.96,259,4.34,2,98.55
2025-07-10,Team D,John,102,98.34,353,4.03,3,98.4
2025-10-17,Team D,Aaron,83,100,350,4.98,1,97.66
2025-04-19,Team A,Sophia,76,88.47,484,4.36,1,95.51
2025-04-21,Team B,Kevin,86,89.76,293,4.8,1,93.76
2025-07-07,Team D,Sarah,69,96.86,264,4.34,1,95.61
2025-05-19,Team C,Grace,81,92.71,291,4.49,4,98.22
2025-11-17,Team A,Lisa,77,91.01,307,4.27,5,98.2
2025-04-08,Team D,Nicole,79,92.09,352,4.92,1,97.68
2025-09-15,Team A,Lisa,66,90.25,279,4.5,2,97.7
2025-05-08,Team A,Jason,109,91.77,359,4.64,0,94.36
2025-07-10,Team B,Aaron,104,94.57,359,4.3,3,91.66
2025-10-23,Team A,David,95,85.72,447,3.86,2,94.96
2025-08-22,Team B,Amy,87,89.57,260,4.88,2,94.93
2025-11-10,Team C,Mary,92,91.89,333,4.25,2,95.79
2025-07-25,Team C,Daniel,86,92,302,4.07,3,94.69
2025-02-15,Team D,Lisa,79,100,384,4.4,2,97.73
2025-07-14,Team B,Daniel,86,91.07,336,3.83,0,94.91
2025-07-10,Team A,Amy,68,89.34,246,3.95,1,97.45
2025-01-23,Team B,Alex,91,98.88,360,4.31,3,93.06
2025-10-02,Team C,Lisa,50,88.16,403,4.73,1,95.95
2025-05-08,Team B,Amy,84,97.83,366,4.05,0,92.06
2025-03-24,Team C,Alex,104,94.1,318,4.85,3,90.07
2025-11-11,Team D,Sarah,63,97.59,304,4.11,4,99.55
2025-11-04,Team C,Daniel,79,88.45,331,4.38,2,96.64
2025-11-11,Team D,Grace,70,93.92,384,4.05,0,95.44
2025-02-19,Team C,Sarah,93,89.69,272,4.1,4,95.43
2025-01-02,Team A,Jason,111,91.14,222,3.93,1,93.69
2025-09-30,Team D,Nicole,74,91.22,248,4.61,1,96.65
2025-10-30,Team D,Daniel,99,96.16,359,4.31,2,98.12
2025-07-28,Team C,Lisa,81,89.98,330,4.73,0,97.81
2025-08-30,Team A,Jason,101,90.71,321,4.27,1,95.61
2025-10-12,Team D,Nicole,88,93.6,343,4.51,3,93.33
2025-06-09,Team D,Alex,75,90.34,281,4.43,2,93.98
2025-04-03,Team D,Emma,60,90.98,311,4.07,1,94.93
2025-02-03,Team D,John,77,93.02,314,4.34,3,96.55
2025-11-16,Team D,Ryan,79,95.65,406,4.19,2,96.25
2025-07-21,Team B,Amy,121,96.14,309,4.63,5,94.46
2025-03-05,Team A,Amy,74,90.31,300,3.88,2,91.74
2025-12-09,Team A,Emma,93,93.99,338,4.74,3,95.51
2025-09-19,Team C,Alex,72,90.24,232,3.96,1,95.93
2025-12-20,Team B,Ryan,79,95.95,298,4.13,2,98.42
2025-11-25,Team D,Daniel,87,95.14,377,3.96,3,96.9
2025-07-23,Team B,Mary,84,87.99,340,4.88,0,94.9
2025-03-08,Team C,Aaron,75,93.84,325,4.56,2,98.76
2025-04-30,Team A,Michael,71,94.84,264,4.68,1,95.41
2025-02-09,Team A,Chris,88,95.52,254,4.45,4,95.8
2025-04-12,Team D,Michael,101,92.75,369,3.68,0,96.84
2025-03-27,Team C,Jason,69,99.19,300,4.32,2,99.09
2025-06-12,Team D,Lisa,75,94.26,262,4.62,1,95.28
2025-06-09,Team A,John,81,89.99,336,4.57,0,93.34
2025-05-18,Team B,Jason,83,91.95,310,4.19,2,95.34
2025-11-20,Team D,Sarah,77,93.81,268,4.05,2,94.65
2025-03-02,Team D,Chris,87,93.42,263,4.3,2,95.85
2025-04-23,Team B,Daniel,68,95.32,362,4.57,2,95.01
2025-08-01,Team A,Rachel,85,91.37,258,4.53,2,95.2
2025-07-02,Team A,Lisa,98,97.19,256,4.1,3,99.39
2025-08-27,Team A,Olivia,110,90.91,337,4.21,3,93.75
2025-08-13,Team C,Ryan,97,96.82,192,4.28,1,90.01
2025-07-24,Team C,Sarah,80,95.92,390,4.38,2,97.8
2025-08-03,Team D,Ryan,73,93.53,229,4.13,0,94.63
2025-09-12,Team A,Grace,88,88.65,271,4.16,1,96.41
2025-07-01,Team D,Grace,63,89.01,305,3.64,2,95.4
2025-12-11,Team D,Daniel,102,93.34,322,4.19,2,94.95
2025-02-13,Team B,Kevin,63,91.78,272,4.54,2,93.64
2025-05-02,Team C,Rachel,105,91.77,332,4.55,1,94
2025-12-21,Team B,Ryan,79,95.1,383,4.55,4,94.94
2025-03-04,Team A,Sophia,97,94.98,234,3.95,4,95.18
2025-01-10,Team A,Mary,70,98.04,202,4.66,5,98.14
2025-07-21,Team C,Chris,88,93.45,348,4.02,3,99.09
2025-08-28,Team B,Amy,67,89.3,257,3.99,2,96.38
2025-11-20,Team C,John,64,87.81,423,4.35,1,96.07
2025-05-20,Team A,Grace,79,90.9,319,4.44,3,97.33
2025-08-04,Team C,Sophia,66,89.27,323,4.48,1,94.29
2025-06-01,Team D,Emma,91,88.57,328,4.47,3,100
2025-09-16,Team B,Michael,82,96.34,343,4.05,2,97.94
2025-11-19,Team D,Sarah,91,96.31,371,4.46,4,96.84
2025-06-25,Team A,John,55,93.74,328,4.06,1,98.67
2025-06-04,Team C,Alex,77,93.62,309,4.65,1,94.2
2025-01-27,Team B,Jason,79,93.13,305,4.17,0,94
2025-04-22,Team B,Emma,80,89.88,354,4.5,2,96.32
2025-10-31,Team B,Michael,60,89.12,349,4.42,4,96.5
2025-03-08,Team B,Nicole,83,95.75,222,3.98,2,96.01
2025-02-11,Team A,Sarah,100,95.27,357,4.33,4,94.45
2025-02-13,Team C,Rachel,86,90.45,320,4.5,2,99.36
2025-11-09,Team B,Mary,91,86.98,323,4.65,3,93.25
2025-09-12,Team A,Ryan,82,89.93,391,4.45,3,96.97
2025-11-25,Team B,Chris,80,98.27,287,3.73,1,96.24
2025-08-16,Team A,Grace,102,93.72,411,4.14,2,96.06
2025-05-10,Team D,Amy,98,89.11,438,4.66,1,97.63
2025-09-22,Team B,Mary,102,91.02,294,4.82,4,94.9
2025-10-12,Team C,Jason,85,95.69,352,4.22,1,96.18
2025-12-13,Team B,Emma,61,93.58,371,4.34,1,96.54
2025-09-21,Team C,Kevin,84,91.06,337,4.34,4,94.41
2025-01-10,Team C,Sophia,83,96.38,400,4.69,0,98.54
2025-12-02,Team C,Sophia,93,87.79,295,5,1,99.68
2025-04-05,Team A,Jason,89,95.53,414,3.73,2,99.79
2025-04-02,Team D,Rachel,94,95.47,221,4.28,3,93.61
2025-02-06,Team C,David,48,94.08,304,4.62,1,93.32
2025-10-11,Team D,Sarah,80,94.72,344,4.54,1,94.54
2025-12-04,Team B,Kevin,96,93.62,317,4.2,1,93.29
2025-02-25,Team B,Amy,85,96.23,337,4.1,3,96.77
2025-04-11,Team D,Jason,117,95.25,235,4.32,1,97.17
2025-05-14,Team B,Jason,80,91.71,336,4.99,0,96.35
2025-01-24,Team B,Kevin,57,98.78,320,4.61,0,95.87
2025-09-19,Team C,Aaron,95,92.81,341,4.8,1,93.94
2025-06-11,Team C,Rachel,92,90.03,358,4.43,3,98.06
2025-10-29,Team D,Sarah,96,95.07,309,4.61,2,94.45
2025-12-17,Team B,Olivia,103,94.36,331,4.3,2,100
2025-07-05,Team C,Michael,104,92.49,272,3.94,3,95.36
2025-10-07,Team A,Amy,75,94.86,335,5,2,94.69
2025-03-20,Team B,John,92,93.76,282,4.31,1,96.04
2025-08-28,Team B,Rachel,95,90.96,394,4.12,2,98.37
2025-03-28,Team D,Mary,63,92.42,299,4.51,1,95.97
2025-11-26,Team A,Emma,69,86.51,239,4.27,0,95.43
2025-04-21,Team D,Sarah,89,94.52,278,4.85,2,98.82
2025-02-23,Team C,David,65,94.47,344,4.84,1,96.98
2025-05-12,Team B,Nicole,69,92.59,334,4.81,6,95.11
2025-09-08,Team C,Daniel,83,91.38,341,4.02,1,95.56
2025-10-14,Team D,Mary,96,91.62,298,4.39,1,96.08
2025-10-31,Team A,Nicole,88,91.17,320,4.36,2,98.13
2025-11-26,Team D,Nicole,55,93.09,348,4.18,2,97.5
2025-04-13,Team C,Olivia,85,91.86,447,4.67,1,97.78
2025-07-07,Team D,Kevin,106,88.65,262,4.39,0,93.29
2025-10-16,Team B,Sarah,95,91.57,318,4.68,1,92.43
2025-01-23,Team C,Sarah,90,93.72,306,4.39,2,93.76
2025-04-06,Team C,Sophia,63,89.51,318,4.28,4,94.8
2025-01-16,Team A,Ryan,80,91.22,298,4.3,0,95.14
2025-05-01,Team C,Grace,74,93.67,341,4.01,1,95.38
2025-08-03,Team A,Mary,107,90.61,321,4.63,4,96.9
2025-10-20,Team C,Michael,70,87.66,350,4.62,2,94.13
2025-12-07,Team B,Rachel,89,90.54,367,4.45,4,93.04
2025-07-10,Team B,Chris,87,91.12,372,4.49,2,98.07
2025-09-14,Team D,Kevin,84,94.53,287,4.5,3,94.3
2025-02-23,Team B,Chris,97,92.65,284,4.5,3,96.95
2025-08-19,Team B,Aaron,79,95.8,352,4.46,1,97.54
2025-02-07,Team A,Amy,96,96.3,296,4.72,5,95.22
2025-07-23,Team B,Aaron,92,88.13,314,4.44,1,92.83
2025-05-13,Team A,David,90,94.94,344,4.71,3,96.4
2025-07-03,Team B,Daniel,103,89.9,233,4.25,1,98.84
2025-10-13,Team D,Michael,114,94.46,270,4.74,4,95.54
2025-08-28,Team D,Sarah,82,94.52,269,4.17,2,96.26
2025-08-20,Team D,Kevin,49,95.31,308,4.88,2,95.24
2025-12-13,Team C,Daniel,114,90.18,251,4.34,3,97.38
2025-10-15,Team C,Mary,99,93.15,340,3.87,2,97.14
2025-05-14,Team A,Rachel,87,88.82,400,4.85,3,95.94
2025-09-10,Team A,Lisa,88,88.7,429,4.05,3,96.44
2025-07-20,Team D,David,76,91.9,375,4.28,1,97.33
2025-01-01,Team D,Daniel,89,96.89,352,4.61,3,97.45
2025-02-11,Team C,Alex,68,96.81,180,4.37,2,96.74
2025-11-22,Team A,Michael,89,92.2,256,4.52,1,95.73
2025-01-03,Team B,Mary,86,94.27,369,4.25,1,97.87
2025-05-13,Team C,Rachel,105,96.36,352,4.39,2,96.25
2025-05-02,Team D,Rachel,72,97.04,260,4.05,3,98.15
2025-11-10,Team B,Alex,109,93.29,347,4.06,4,98.53
2025-07-22,Team C,Olivia,63,95.73,349,4.57,1,95.22
2025-07-20,Team B,Mary,86,94.59,294,4.26,1,97.36
2025-02-12,Team D,Daniel,66,96.35,277,4.86,0,95.28
2025-08-19,Team C,David,81,94.2,336,4.26,2,97.72
2025-01-26,Team C,Grace,76,94.65,383,4.23,3,97
2025-04-18,Team A,Kevin,58,88.19,361,4.48,1,96.81
2025-11-17,Team C,Sarah,109,92.33,409,4.13,3,95.65
2025-04-16,Team B,Emma,96,89.01,281,4.3,0,97.99
2025-05-10,Team A,John,80,95.92,265,3.94,2,95.71
2025-07-29,Team B,Sophia,88,98.22,462,4.32,0,96.71
2025-03-09,Team C,Kevin,102,98.3,257,4.37,0,95.64
2025-11-16,Team B,Olivia,97,92.03,388,4.71,2,95.75
2025-07-03,Team A,Emma,78,91.13,360,3.94,2,98.97
2025-05-07,Team B,Michael,76,90.74,312,4.32,0,96.88
2025-09-10,Team C,John,61,95.22,364,4.59,1,98.54
2025-04-13,Team D,David,100,88.63,288,4.54,0,94.29
2025-07-07,Team D,Emma,78,90,298,4.75,3,96.44
2025-11-26,Team D,Alex,94,94.22,294,3.87,4,98.62
2025-10-31,Team C,Olivia,97,87.29,278,3.96,2,94.4
2025-08-06,Team D,Aaron,57,90.16,373,4.2,1,96.92
2025-10-06,Team A,Lisa,79,89.59,288,4.31,2,97.3
2025-10-01,Team C,Daniel,79,92.45,390,4.64,1,96.17
2025-10-27,Team A,Sarah,82,100,326,4.72,3,97.02
2025-02-12,Team D,Jason,76,94.43,315,5,3,98.27
2025-06-18,Team D,Alex,80,89.55,379,4.83,3,99.15
2025-10-13,Team D,Rachel,80,92.96,286,4.08,4,95.27
2025-09-11,Team D,Mary,85,98.03,439,4.56,2,95.07
2025-08-14,Team C,Olivia,89,90.69,345,3.88,1,96.37
2025-08-29,Team A,Mary,81,93.75,253,3.95,4,96.9
2025-05-02,Team A,Emma,67,93.3,321,4.48,2,93.09
2025-10-07,Team B,John,109,87.63,281,4.01,1,98.12
2025-01-31,Team A,Ryan,103,91.04,297,4.73,1,92.6
2025-02-07,Team D,Sarah,74,91.66,307,5,0,96.7
2025-04-07,Team A,Grace,47,93.99,334,4.56,1,96.56
2025-12-03,Team C,Sophia,76,91.48,343,4.31,4,97.04
2025-02-12,Team A,Sarah,71,89.29,352,4.52,3,93.9
2025-01-17,Team B,Olivia,86,97.49,319,4.81,2,96.39
2025-03-05,Team D,Jason,103,91.99,348,4.16,3,93.96
2025-12-28,Team D,Amy,68,91.3,300,4.6,1,99.39
2025-11-17,Team B,Aaron,41,93.23,336,4.91,4,95.74
2025-07-15,Team B,Aaron,77,87.64,269,3.96,4,100
2025-10-12,Team D,Ryan,100,95.86,338,4.4,3,97.7
2025-04-17,Team A,Daniel,81,96.65,330,4.48,1,95.85
2025-10-06,Team D,David,110,92.48,408,4.64,2,98.43
2025-03-18,Team B,Rachel,90,97.61,385,4.66,3,92.54
2025-04-17,Team C,Michael,73,92.99,280,5,4,95.66
2025-02-17,Team A,Rachel,88,90.52,271,4.1,0,96.14
2025-07-28,Team C,John,55,94.44,346,4.58,1,95.83
2025-07-06,Team D,Emma,86,97.87,265,4.92,3,96.27
2025-08-04,Team B,Mary,82,90.51,321,4.27,0,96.16
2025-05-12,Team B,Chris,86,91.7,345,4.63,0,99.42
2025-05-17,Team B,Alex,98,94.64,356,4.83,3,98.15
2025-08-15,Team A,Michael,112,91.68,305,4.76,1,94.09
2025-11-22,Team C,Emma,104,95.72,307,4.95,0,96.16
2025-12-07,Team C,Jason,95,93.87,436,4.52,0,93.05
2025-02-16,Team C,Sophia,79,97.57,341,4.12,5,94.02
2025-01-31,Team B,Michael,100,96.8,310,4.22,3,91.89
2025-12-11,Team A,Ryan,74,91.32,311,4.44,2,96.72
2025-03-16,Team B,Grace,89,94.24,344,4.04,5,95.04
2025-07-20,Team D,Mary,69,88.62,250,4.33,1,93.27
2025-03-09,Team B,Mary,93,97.03,338,4.76,6,95.87
2025-07-25,Team C,David,102,97.14,347,4.65,3,98.45
2025-02-01,Team C,Aaron,85,90.04,291,4.41,3,95.38
2025-05-04,Team B,Mary,90,91.62,359,4.58,1,95.35
2025-10-18,Team D,Grace,91,95.92,314,4.49,1,100
2025-06-10,Team B,Jason,99,93.24,308,4.8,2,96.19
2025-06-10,Team C,Sarah,119,93.64,263,4.82,4,94.87
2025-12-19,Team D,Grace,69,94.04,340,4.02,2,98.33
2025-03-18,Team C,Michael,89,100,245,4.44,1,99.5
2025-07-01,Team B,Kevin,112,95.74,253,4.25,2,100
2025-08-22,Team D,Jason,95,93.93,401,5,4,92.89
2025-04-03,Team D,Sophia,100,91.94,270,4.5,2,96.4
2025-10-31,Team B,Nicole,94,94.88,330,3.9,1,96.28
2025-09-30,Team B,Grace,85,92.64,390,4.4,1,100
2025-04-30,Team A,Daniel,94,88.76,292,4.38,0,95.5
2025-06-19,Team C,Daniel,74,95.43,218,4.11,1,97.69
2025-12-17,Team C,Alex,87,88.45,342,4.25,2,94.24
2025-11-15,Team D,David,59,94.66,254,4.43,6,97.19
2025-12-02,Team D,Amy,69,89.73,324,4.57,1,94.26
2025-12-31,Team B,Chris,106,90.61,348,4.36,0,94.55
2025-07-29,Team B,Rachel,88,89.29,381,4.21,3,99.34
2025-09-15,Team C,Aaron,69,96.24,281,4.23,1,100
2025-06-12,Team C,Lisa,75,90.52,304,3.79,0,95.8
2025-03-10,Team B,Amy,81,93.24,272,4.43,3,95.71
2025-03-27,Team C,John,40,97.05,356,4.56,1,94.59
2025-02-20,Team C,Alex,88,88.36,303,4.14,2,94.4
2025-12-23,Team C,Rachel,105,93.94,275,4.42,5,95.09
2025-02-12,Team B,Grace,64,88.01,328,4.28,2,95.04
2025-10-22,Team A,Alex,80,94.25,274,4.37,2,94.81
2025-04-06,Team C,Grace,75,96.77,316,5,3,95.97
2025-01-22,Team D,Amy,102,92.93,208,4.51,1,99.36
2025-12-31,Team A,Rachel,86,91.78,398,4.3,1,94.94
2025-10-10,Team D,Jason,90,98.26,387,4.33,2,97.91
2025-12-18,Team B,Michael,89,92.02,274,3.61,2,94.21
2025-04-17,Team C,Rachel,111,97.64,321,4.86,3,95.57
2025-05-18,Team A,Daniel,97,93.88,299,4.33,2,100
2025-01-23,Team D,David,72,91.07,369,4.6,1,94.53
2025-09-22,Team C,John,114,99.72,314,4.45,2,93.36
2025-12-23,Team D,Amy,92,96.46,246,4.51,3,93.65
2025-09-14,Team C,Sarah,94,89.56,364,4.25,2,98.22
2025-03-27,Team D,Emma,68,93.86,281,4.61,2,97.77
2025-03-26,Team D,Aaron,58,93.82,317,4.85,2,93.37
2025-12-20,Team D,Aaron,95,96.35,315,3.84,0,92.76
2025-02-11,Team C,Kevin,82,92.04,269,4.49,2,95.93
2025-12-18,Team B,Sophia,84,93.69,338,4.34,2,95.93
2025-04-06,Team C,Aaron,72,93.18,357,4.59,1,96.62
2025-03-23,Team D,Amy,77,98.67,283,4.36,0,91.01
2025-07-05,Team C,Lisa,98,95,322,4.21,1,95.68
2025-09-10,Team D,Kevin,84,90.75,253,4.96,0,94.63
2025-06-23,Team D,Ryan,101,89.64,323,4.21,3,94
2025-03-25,Team B,Mary,70,87.28,282,4.34,1,96.72
2025-01-23,Team C,Alex,104,94.13,309,4.46,3,94.58
2025-10-24,Team B,Olivia,88,95.34,275,4.11,2,99.14
2025-03-23,Team B,Nicole,72,91.86,340,4.91,4,96.85
2025-12-03,Team A,Amy,82,85.25,331,4.43,1,94.01
2025-10-05,Team C,Ryan,89,100,310,4.05,3,93.09
2025-04-27,Team D,Daniel,70,91.76,325,4.41,3,97.35
2025-06-24,Team D,Kevin,107,94.77,370,4.44,0,94.88
2025-07-21,Team D,Grace,86,92.27,204,4.41,0,94.22
2025-10-28,Team B,Nicole,102,94.82,298,5,1,95.87
2025-03-09,Team D,David,91,94.7,378,4.01,0,95.22
2025-11-28,Team A,John,85,85.31,279,4.22,2,95.86
2025-03-22,Team C,Alex,77,94.93,346,4,4,97.79
2025-04-04,Team C,Nicole,69,89.26,309,5,2,94.33
2025-05-18,Team D,Olivia,76,95.45,213,4.49,0,96.42
2025-10-31,Team B,Jason,79,91.13,363,4.19,2,96.9
2025-06-15,Team D,Sophia,81,93.88,325,4.74,1,97.53
2025-06-19,Team A,Michael,101,91.11,337,4.93,1,99.66
2025-11-22,Team C,Alex,108,93.12,286,4.51,2,96.9
2025-08-08,Team A,Amy,96,94.57,306,4.23,1,95.64
2025-11-11,Team A,Lisa,80,93.69,385,4.23,3,96.85
2025-03-30,Team C,Olivia,75,87.75,292,4.52,1,96.59
2025-08-28,Team A,Rachel,69,92.44,329,3.76,2,95.41
2025-06-10,Team C,Chris,67,87.94,267,4.96,5,96.16
2025-12-03,Team A,Jason,99,95.86,335,3.89,3,90.95
2025-08-11,Team B,Ryan,78,96.35,345,4.73,1,92.57
2025-04-13,Team C,Olivia,93,95.64,293,4.65,2,98.59
2025-08-12,Team C,John,73,96.79,332,4.61,1,96.91
2025-05-24,Team B,Olivia,49,90.87,343,4.48,0,100
2025-07-22,Team D,Rachel,69,90.39,282,4.38,2,97.16
2025-03-03,Team B,Sophia,83,94.1,421,4.2,2,97.26
2025-08-03,Team C,Michael,114,90.2,355,4.26,2,93.84
2025-02-09,Team A,Olivia,62,91.8,315,4.21,3,95.84
2025-07-03,Team D,Daniel,88,86.52,298,4.7,4,95.15
2025-03-05,Team D,Olivia,84,89.29,368,4.51,2,96.38
2025-03-26,Team C,Rachel,99,91.41,314,4.69,2,94.16
2025-08-17,Team C,David,95,95.25,350,4.33,2,93.16
2025-12-01,Team C,Grace,95,94.33,276,3.68,0,96.69
2025-09-09,Team A,Daniel,81,91.06,359,4.34,1,93.97
2025-05-29,Team B,Nicole,72,91.34,258,4.22,1,97.63
2025-04-15,Team C,Michael,73,95.58,260,4.07,1,93.77
2025-05-16,Team B,Mary,84,94.87,377,4.56,3,95.92
2025-06-15,Team D,Jason,89,94.78,381,4.52,3,94.24
2025-04-23,Team D,Sarah,74,90.56,316,4.3,0,94.67
2025-07-26,Team B,Michael,89,98.11,329,3.98,1,95.64
2025-06-01,Team C,Jason,106,92.94,263,4.31,0,95.4
2025-04-18,Team A,Aaron,107,88.08,391,4.12,3,96.86
2025-01-12,Team D,Lisa,66,90.9,198,4.6,1,96.75
2025-10-24,Team B,Olivia,119,92.71,479,4.53,0,94.32
2025-07-28,Team D,Daniel,68,92.88,283,4.68,6,94.01
2025-11-12,Team D,Lisa,69,95.54,413,4.3,4,97.78
2025-03-20,Team D,Sophia,91,90.85,452,4.48,1,93.16
2025-07-15,Team A,Alex,99,95.69,291,4.75,6,96.7
2025-01-27,Team A,Michael,82,88.68,278,4.62,1,96
2025-12-19,Team D,Ryan,103,91.65,317,4.46,5,95.84
2025-11-03,Team B,Chris,55,95.83,324,4.23,2,98.01
2025-10-12,Team C,Mary,85,91.14,301,4.33,7,93.76
2025-10-08,Team C,Grace,77,96.64,341,4.81,2,96.82
2025-11-24,Team C,Kevin,89,92.32,255,4.08,2,98.85
2025-01-16,Team D,Mary,72,95.63,314,4.11,1,94.77
2025-11-01,Team A,Alex,100,90.91,379,4.66,5,94.7
2025-10-23,Team A,Michael,71,98.39,288,3.85,3,99.55
2025-08-13,Team B,Sophia,74,90.25,287,4.55,3,96.87
2025-01-29,Team A,Ryan,62,99.13,293,4.06,2,94.94
2025-03-17,Team A,Grace,101,94.8,290,4.25,0,94.14
2025-01-28,Team D,Sophia,78,92.21,334,4.92,3,95.8
2025-05-30,Team D,John,89,91.31,277,4.25,1,92.52
2025-03-12,Team A,Mary,102,95.91,256,4.44,0,94.2
2025-01-30,Team C,Kevin,76,95.39,360,4.52,3,95.97
2025-04-05,Team A,David,86,97.34,332,4.46,0,100
2025-03-07,Team A,Chris,112,89.41,354,4.71,1,95.28
2025-10-22,Team B,Rachel,83,93.1,263,4.34,2,94.39
2025-09-11,Team A,David,53,90.55,382,4.36,1,97.47
2025-05-30,Team D,Aaron,104,89.24,284,4.42,3,94.29
2025-02-19,Team A,Daniel,62,92.51,277,4.55,2,94.42
2025-02-28,Team C,Emma,72,92.47,314,4.73,3,93.42
2025-01-17,Team C,Daniel,74,94.96,361,3.74,4,96.87
2025-06-20,Team D,Alex,94,88.19,299,4.35,4,95.06
2025-09-06,Team A,John,73,92.15,272,4.25,2,96.87
2025-04-10,Team B,Rachel,100,92.76,264,4.53,2,95.61
2025-05-15,Team D,Nicole,51,94.91,327,4.88,0,97.8
2025-09-14,Team A,Amy,98,89.99,314,3.91,2,98.71
2025-11-22,Team D,Alex,88,96.38,252,4.71,1,96.55
2025-12-13,Team D,Sarah,101,97.6,303,4.26,4,94.91
2025-05-08,Team C,Aaron,59,96.95,272,4.3,2,97.55
2025-04-13,Team D,John,97,97.48,307,4.06,3,95.51
2025-01-23,Team A,Ryan,81,88.93,330,4.04,1,95.58
2025-01-23,Team D,Aaron,88,92.57,338,4.64,2,96.85
2025-05-03,Team A,Grace,90,91.36,328,4.61,2,95.86
2025-12-13,Team B,Nicole,88,87.36,389,4.47,1,99.27
2025-02-14,Team D,Olivia,66,95.54,326,3.97,0,99.33
2025-10-11,Team D,Amy,69,89.89,393,4.21,4,99.07
2025-01-13,Team D,Ryan,106,93,390,4.38,3,98.98
2025-08-13,Team C,Sarah,75,96.35,335,4.56,2,98.13
2025-10-25,Team B,John,55,91.44,324,4.95,2,97.75
2025-08-10,Team A,Mary,95,98.4,340,4.46,1,95.8
2025-02-08,Team C,Rachel,36,99.34,330,4.12,4,94.05
2025-04-01,Team C,Ryan,79,89.39,235,4.42,3,97.99
2025-04-02,Team A,Kevin,111,96.59,366,4.79,3,92.52
2025-01-19,Team D,Daniel,82,91.76,301,4.2,3,93.42
2025-02-13,Team B,Alex,74,91.67,364,3.87,3,99.06
2025-03-16,Team B,Chris,113,90.15,276,4.91,0,95.47
2025-04-16,Team B,Mary,108,97.16,289,3.55,2,96.83
2025-10-21,Team C,Olivia,88,89.43,264,4.65,3,97.69
2025-02-15,Team D,Daniel,101,91.8,237,4.38,1,93.85
2025-09-03,Team A,Alex,103,95.05,353,4.72,3,96.78
2025-12-16,Team B,Nicole,60,95.99,260,4.48,4,97.88
2025-03-27,Team C,Jason,73,91.42,344,4.63,0,98.93
2025-10-12,Team C,Nicole,89,93.5,352,4.27,2,92.91
2025-01-17,Team A,Olivia,89,95.6,341,3.79,3,96.89
2025-04-07,Team C,Mary,88,91.75,302,4.41,6,95.74
2025-06-07,Team A,Jason,82,93.67,357,4.91,2,95.17
2025-02-23,Team C,David,86,85.67,379,4.02,1,93.86
2025-06-26,Team B,Sophia,78,87.62,343,4.51,1,95.03
2025-06-24,Team A,Aaron,87,95.5,263,4.13,2,98.21
2025-10-31,Team D,Daniel,75,96.3,277,4.59,3,94.67
2025-04-15,Team C,Rachel,104,92.33,283,4.63,1,94.27
2025-03-25,Team D,Grace,86,95.01,336,4.79,2,96.09
2025-05-12,Team C,Daniel,91,96.51,319,4.17,0,94.83
2025-08-28,Team A,Lisa,79,83.69,336,4.55,2,93.97
2025-12-28,Team A,Kevin,86,95.95,350,4.29,2,97.13
2025-10-23,Team D,Daniel,83,98.87,362,4.5,4,96.91
2025-02-02,Team B,Chris,104,94.29,294,4.41,3,99.76
2025-10-26,Team A,Lisa,106,91.83,317,4.79,0,93.98
2025-03-18,Team C,Kevin,77,92.27,246,4.74,5,95.28
2025-08-22,Team C,Michael,56,96.12,258,4.7,0,99.72
2025-12-09,Team B,Sophia,107,92.86,269,4.4,0,94.85
2025-06-16,Team B,John,95,92.74,417,4.73,3,94.97
2025-08-07,Team A,Olivia,65,93.96,393,4.56,1,95.81
2025-07-27,Team D,Sophia,85,95.99,282,4.47,3,96.71
2025-11-06,Team A,Emma,89,92.89,324,4.34,3,96.62
2025-10-05,Team B,Nicole,94,93.16,264,4.67,3,95.19
2025-02-06,Team A,Olivia,87,88.61,334,3.31,2,97.7
2025-05-16,Team D,Aaron,80,99.24,319,4.46,1,92.4
2025-05-04,Team D,Kevin,67,94.99,277,4.39,0,97.54
2025-02-13,Team A,Nicole,91,91.99,373,4.85,0,96.57
2025-05-03,Team C,Rachel,110,91.76,279,4.52,1,94.4
2025-01-23,Team B,David,106,91.62,440,4.2,2,95.01
2025-02-11,Team D,Aaron,92,89.26,324,4.62,2,99.19
2025-10-27,Team A,Rachel,73,95.1,294,4.47,3,96.1
2025-01-05,Team C,Grace,109,94.39,279,4.18,0,96.54
2025-03-13,Team B,Sarah,74,93.64,427,4.66,3,93.48
2025-12-02,Team A,Rachel,92,92.65,404,4.26,1,95.96
2025-05-06,Team B,David,88,98.58,333,4.26,1,97.18
2025-11-01,Team B,Rachel,68,90.02,373,4.03,2,95.26
2025-11-12,Team D,Daniel,107,93.54,317,3.96,2,95.19
2025-12-26,Team C,Aaron,56,94.47,363,4.66,1,97.06
2025-06-27,Team B,David,99,90.8,205,4.72,4,94.11
2025-08-17,Team D,Ryan,99,96.46,267,4.45,1,96.09
2025-04-04,Team B,Chris,97,99.08,335,4.28,1,96.83
2025-08-25,Team B,Lisa,75,99.3,268,4.44,2,94.7
2025-08-13,Team B,Sarah,82,92.35,336,4,2,95.63
2025-12-18,Team B,Lisa,99,92.76,249,3.89,3,95.01
2025-05-27,Team A,Aaron,113,95.27,346,4.66,1,99.92
2025-07-24,Team B,Mary,97,91.85,315,4.23,5,97.51
2025-01-06,Team B,Alex,104,96.92,246,4.27,4,95.02
2025-03-24,Team A,Sarah,86,94.59,361,4.69,2,98.19
2025-03-21,Team C,Sophia,79,99.61,351,4.44,2,97.01
2025-09-23,Team A,Emma,99,92.5,310,4.38,4,95.63
2025-03-22,Team B,Sarah,86,95.28,381,4.39,1,99.16
2025-06-30,Team D,Olivia,59,87.75,215,3.97,1,96.57
2025-02-02,Team A,Chris,65,89.13,353,4.51,5,97.21
2025-05-25,Team C,Rachel,98,89.74,244,3.87,2,95.93
2025-09-08,Team A,Olivia,80,93.92,316,4.56,1,95.95
2025-10-17,Team C,Michael,95,91.77,315,3.73,0,97.85
2025-10-13,Team B,Jason,67,97.04,320,4.11,2,95.36
2025-03-13,Team D,Jason,67,92.06,229,4.49,1,97.11
2025-07-20,Team D,David,75,91.18,306,4.68,1,98.14
2025-06-09,Team A,Sophia,74,96.14,380,4.12,4,97.18
2025-03-19,Team C,Olivia,108,96.25,326,4.36,2,98.01
2025-10-31,Team C,Kevin,85,93.25,334,4.78,0,96.49
2025-05-20,Team C,Olivia,74,93,409,4.91,2,97.13
2025-01-10,Team B,Sarah,75,93.29,205,4.45,2,97.04
2025-03-23,Team C,David,88,94.12,295,4.51,2,96.95
2025-10-18,Team D,Kevin,81,91.18,232,3.75,2,97.27
2025-03-21,Team D,Lisa,90,91.6,291,4.28,2,93
2025-03-07,Team A,Emma,70,99.14,380,3.8,1,95.47
2025-09-07,Team B,Aaron,75,93.19,440,4.54,2,97.53
2025-02-06,Team C,John,65,89.61,301,4.66,0,94.46
2025-07-16,Team A,Lisa,70,90.41,237,4.53,3,95.43
2025-02-28,Team B,Sophia,61,89.23,339,4.92,3,97.76
2025-04-01,Team A,Sarah,91,95.18,335,4.16,3,99.43
2025-10-30,Team C,Michael,77,93.84,272,4.35,2,95.44
2025-04-29,Team B,Grace,71,93.93,343,4.37,4,96.04
2025-02-20,Team C,Sarah,66,88.99,292,4.1,3,94.99
2025-09-17,Team A,Grace,123,97.52,307,4.48,0,93.32
2025-09-13,Team A,Sophia,82,92.18,303,4.63,2,98.41
2025-11-24,Team C,Olivia,72,97.38,438,4.62,1,94.97
2025-01-07,Team D,Daniel,112,94.27,307,4.65,2,98.72
2025-05-25,Team A,Mary,74,92.55,359,4.23,2,95.06
2025-09-16,Team C,Chris,64,92.35,326,4.64,4,93.28
2025-05-02,Team B,Mary,64,88.8,295,4.53,4,95.44
2025-08-14,Team A,Daniel,82,87.33,266,4.64,4,96.93
2025-06-06,Team C,David,84,96.07,318,3.96,1,97.02
2025-02-03,Team C,Emma,102,96.75,254,4.53,3,97.39
2025-05-25,Team D,Amy,63,96.12,295,4.43,4,96.06
2025-09-06,Team D,Ryan,66,95.56,330,4.09,2,93.61
2025-04-22,Team C,Nicole,78,97.89,393,3.67,4,96.51
2025-01-07,Team C,Mary,87,88.68,317,3.86,1,94.57
2025-05-08,Team B,Sophia,90,94.96,361,4.24,2,94.69
2025-06-05,Team A,Kevin,65,87.62,352,3.73,6,96.22
2025-05-01,Team B,Michael,75,93.33,246,4,4,98.17
2025-06-08,Team B,Mary,98,92.07,199,4.53,2,96.46
2025-01-15,Team B,Olivia,73,90.13,348,5,3,97.55
2025-01-12,Team A,Emma,87,91.16,350,4.63,2,100
2025-10-24,Team A,Sarah,79,96.06,297,4.25,1,96.06
2025-08-09,Team B,Ryan,90,87.54,373,4.19,3,97.26
2025-02-22,Team D,Emma,82,89.46,362,4.55,3,95.6
2025-09-13,Team C,David,73,88.27,380,4.55,2,94.6
2025-11-11,Team B,Michael,74,90.38,241,3.87,1,96.46
2025-03-07,Team C,Sophia,99,95.74,278,4.81,4,94.22
2025-01-17,Team C,Amy,55,94.94,318,4.23,1,96.61
2025-08-31,Team C,Michael,68,90.26,303,4.44,3,96.02
2025-11-05,Team D,Alex,68,92.14,309,4.36,4,94.33
2025-10-02,Team A,Aaron,67,91.04,258,3.99,2,97.1
2025-03-21,Team C,David,86,90.58,359,4.64,3,97.3
2025-02-17,Team B,Nicole,80,92.39,395,4.12,2,99.56
2025-09-22,Team A,Michael,77,94.25,385,4.77,2,96.08
2025-11-15,Team C,Emma,59,94.14,249,4.1,2,97.46
2025-10-09,Team A,Sophia,82,90.86,296,4.89,3,96.44
2025-02-28,Team B,David,86,94.82,305,4.45,3,94.95
2025-12-08,Team B,Sarah,57,91.65,346,4.41,4,94.06
2025-10-02,Team D,Olivia,87,93.42,276,4.22,0,96.27
2025-07-29,Team B,Michael,90,94.08,420,4.09,0,95.32
2025-06-18,Team C,Lisa,80,93.7,282,4.84,0,96.65
2025-01-16,Team B,Olivia,104,92.66,308,4.76,1,96.04
2025-12-27,Team A,Daniel,91,97.47,398,4.26,2,96.51
2025-01-21,Team D,Aaron,94,92.34,294,4.78,1,94.09
2025-09-24,Team B,Daniel,83,89.41,369,4.59,1,98.75
2025-11-11,Team A,Olivia,78,88.13,322,3.96,0,96.25
2025-12-09,Team B,Chris,94,93.28,296,4.44,1,95.84
2025-08-21,Team B,Nicole,119,94.43,371,4.62,4,95.86
2025-09-28,Team D,Alex,45,92.91,307,4.66,6,95.69
2025-11-09,Team B,Sarah,53,94.59,288,4.71,1,94.81
2025-03-23,Team B,Chris,65,95.1,336,4.38,1,95.92
2025-08-07,Team B,Rachel,87,95.66,252,4.57,2,91.2
2025-10-28,Team C,Rachel,70,92.09,271,4.23,5,94.83
2025-09-06,Team A,Ryan,75,93.65,405,4.39,1,95.08
2025-02-03,Team B,Grace,85,95.76,366,4.42,3,96.17
2025-01-11,Team C,Nicole,100,90.96,231,4.82,1,95.13
2025-12-24,Team B,Nicole,89,95.95,345,4.72,1,96.13
2025-07-23,Team D,Michael,73,94.55,351,4.25,4,97.67
2025-09-20,Team D,Aaron,81,94.56,355,4.1,3,91.23
2025-07-09,Team D,Grace,88,93.2,375,4.47,2,94.15
2025-01-07,Team D,Ryan,70,90.29,367,4.26,0,96.55
2025-06-26,Team B,Aaron,82,95.38,363,4.22,0,96.86
2025-04-26,Team A,Nicole,94,94.7,363,4.41,1,96.69
2025-01-12,Team B,Daniel,112,91.55,360,4.3,3,96.22
2025-05-25,Team D,Nicole,67,90.54,355,4.7,0,96.07
2025-11-14,Team B,Emma,87,88.89,312,3.74,1,96.63
2025-10-14,Team C,Aaron,74,96.77,291,4.74,1,96.95
2025-05-26,Team D,Nicole,85,90.89,315,4.46,1,98.07
2025-12-04,Team C,Aaron,87,90.8,281,4.14,1,92.87
2025-07-15,Team B,Lisa,109,89.79,260,4.36,1,96.01
2025-03-06,Team D,Grace,118,88.34,299,4.45,1,95.7
2025-08-28,Team D,Rachel,92,89.04,350,4.44,1,97.56
2025-09-13,Team C,Sarah,95,91.74,316,4.25,0,98.33
2025-11-21,Team D,David,80,94.43,311,4.21,4,99.36
2025-06-05,Team B,Ryan,72,97.07,299,4.5,2,92.63
2025-03-23,Team A,Sophia,54,95.33,324,4.77,0,100
2025-12-02,Team B,Sophia,65,96.61,381,3.82,2,96.23
2025-10-02,Team D,Lisa,120,95.85,259,4.6,0,93.84
2025-11-27,Team B,Amy,81,97.45,357,4.29,2,98.5
2025-02-18,Team D,David,97,92.06,270,4.34,0,95.49
2025-11-18,Team A,Olivia,102,93.81,365,4.2,2,95.44
2025-11-06,Team D,Amy,71,93.71,303,4.47,0,96.53
2025-02-15,Team C,Kevin,83,94.45,323,4.3,1,94.52
2025-12-05,Team A,Amy,84,95.76,387,4.24,1,94.87
2025-01-13,Team D,Rachel,90,94.63,311,4.45,3,96.02
2025-12-16,Team C,Lisa,87,92.98,356,4.55,1,92.98
2025-06-11,Team A,Emma,72,86.28,392,4.67,3,94.29
2025-01-07,Team B,Sophia,110,86.9,389,4.25,1,98.79
2025-08-21,Team C,Chris,85,91.19,343,4.78,2,93.18
2025-12-19,Team D,John,69,95,438,4.99,0,96.45
2025-01-02,Team B,Kevin,90,92.9,341,4.16,3,99.39
2025-11-23,Team B,Aaron,83,99.03,314,4.36,6,90.87
2025-08-04,Team D,Aaron,68,91.95,292,4.75,4,93.71
2025-01-31,Team C,Grace,72,92.21,296,4.58,1,94.82
2025-11-20,Team C,Alex,93,95.9,336,4.73,0,96.71
2025-08-22,Team D,Ryan,83,92.47,277,4.35,0,96.2
2025-09-12,Team B,Aaron,46,95.02,348,4.6,2,97.08
2025-01-09,Team C,Kevin,74,88.56,329,5,1,94.57
2025-05-03,Team B,John,91,89.72,286,4.44,1,94.39
2025-03-13,Team B,Kevin,72,100,251,4.45,2,92.46
2025-09-17,Team D,Lisa,98,95.67,359,4.44,1,98.31
2025-12-08,Team B,Olivia,76,97.51,195,4.44,1,97.83
2025-07-16,Team B,Lisa,77,93.91,383,4.28,2,94.39
2025-06-20,Team B,Ryan,96,87.95,340,4.17,2,98.9
2025-08-02,Team B,David,106,94.6,326,4.52,2,94.54
2025-02-01,Team A,Aaron,48,95.68,324,4.25,1,93.84
2025-08-27,Team D,Sarah,58,96.79,316,4.14,2,94.12
2025-09-04,Team A,Amy,90,92.64,291,4.33,0,96.03
2025-04-15,Team D,Lisa,82,95.5,331,3.97,1,99.11
2025-11-07,Team B,Chris,85,88.37,368,4.67,4,97.42
2025-07-06,Team C,Grace,81,93.59,180,4.02,2,93.11
2025-11-18,Team A,Sarah,71,87.28,309,3.96,1,95.68
2025-05-09,Team B,Chris,97,92.79,285,4.68,1,96.2
2025-06-28,Team A,Mary,78,91.7,253,4.03,2,93.42
2025-06-24,Team A,Nicole,87,88.48,283,4.15,1,96.61
2025-02-26,Team D,John,49,92.37,347,4.81,0,98.24
2025-05-05,Team C,Michael,96,90.98,265,4.61,1,94.48
2025-06-28,Team D,Ryan,105,90.54,264,4.8,2,97.29
2025-01-21,Team D,Kevin,80,95.54,324,4.34,4,95.18
2025-12-27,Team B,Olivia,74,94.88,378,4.11,3,95.67
2025-07-18,Team A,Amy,54,94.26,347,4.38,1,100
2025-03-12,Team C,Nicole,77,92.32,366,4.65,3,93.16
2025-03-21,Team C,Michael,86,94.62,199,4.51,4,96.5
2025-08-30,Team D,Mary,75,93.93,326,4.06,1,93.51
2025-01-26,Team C,John,81,94.69,312,4.95,4,95.47
2025-10-11,Team B,Lisa,92,92.12,347,4.49,1,95.65
2025-01-09,Team A,Olivia,114,94.66,416,4.38,0,93.65
2025-05-04,Team C,David,82,91.95,370,4.67,2,97.19
2025-01-19,Team A,Lisa,100,88.1,307,4.52,2,91.45
2025-02-14,Team B,Lisa,47,93.58,338,4.71,0,95.12
2025-05-13,Team C,Sarah,72,91.17,247,4.41,2,96.48
2025-06-17,Team C,Sophia,85,90.27,299,4.84,4,98.95
2025-08-28,Team D,Michael,58,92.29,388,3.9,2,97.9
2025-03-26,Team B,Amy,61,96.44,354,4.17,3,96.5
2025-12-25,Team C,Kevin,95,91.48,327,4.65,0,93.8
2025-09-09,Team C,Alex,88,95.19,359,4.01,4,96.94
2025-03-24,Team B,David,89,99.26,326,4.03,1,94.76
2025-09-17,Team A,Sarah,88,95.41,246,4.59,1,97.79
2025-01-28,Team B,Ryan,62,90.93,299,4.05,2,95.53
2025-05-23,Team C,Grace,54,89.68,339,4.97,4,98.74
2025-09-04,Team C,Amy,101,96.48,329,3.94,3,94.78
2025-09-02,Team A,Mary,91,88.59,308,4.47,2,98.08
2025-02-13,Team A,Amy,96,91.79,370,4.4,4,96.5
2025-01-12,Team C,Ryan,96,94.18,310,4.09,3,93.2
2025-12-01,Team A,Nicole,75,93.28,260,4.62,0,94.19
2025-02-20,Team C,John,49,90.59,347,4.38,4,95.22
2025-02-10,Team C,Alex,84,94.68,246,5,2,97.64
2025-07-25,Team A,Kevin,109,90.51,418,4.47,2,95.16
2025-01-29,Team C,Mary,72,88.17,301,4.74,0,95.97
2025-03-28,Team A,Daniel,51,92.41,243,4.66,2,92.33
2025-10-18,Team A,Mary,96,95.01,435,4.33,2,96.99
2025-03-09,Team B,Sophia,107,88.89,319,4.76,1,99.52
2025-04-11,Team B,Daniel,74,90.36,358,4.86,4,95.51
2025-09-28,Team C,Michael,78,91.57,271,4.58,3,100
2025-05-29,Team B,Amy,92,94.39,315,4.42,1,96.43
2025-02-01,Team C,Rachel,104,97.22,316,4.68,2,97.31
2025-04-04,Team D,Alex,69,88.83,344,4.41,4,97.42
2025-09-19,Team A,John,67,89.38,328,4.11,2,93.8
2025-03-09,Team B,John,100,94.36,252,4.48,3,96.91
2025-03-02,Team B,Jason,74,93.48,371,4.04,1,93.41
2025-10-24,Team B,Emma,76,88.24,298,4.61,3,96.5
2025-11-04,Team B,Alex,79,86.56,369,3.95,1,96.21
2025-05-29,Team A,Alex,98,93.15,322,4.36,1,96.54
2025-05-09,Team C,Mary,86,93.65,325,4.62,3,95.44
2025-05-09,Team A,Kevin,79,91.69,287,4.53,1,96.68
2025-01-23,Team C,Olivia,80,86.31,306,4.05,3,94.23
2025-05-24,Team C,Ryan,87,93.56,326,3.71,1,93.26
2025-09-03,Team A,Chris,87,94.04,273,4.76,4,97.6
2025-07-20,Team D,Daniel,95,90.59,381,4.17,3,96.18
2025-06-29,Team D,Michael,76,94.69,335,4.45,0,97.22
2025-03-14,Team C,Amy,98,96.33,280,4.74,2,92.86
2025-09-05,Team D,Michael,76,94.62,303,4.72,1,98.49
2025-06-18,Team A,Rachel,63,92.75,329,4.12,0,98.15
2025-12-03,Team C,Rachel,89,89.67,302,4.23,3,96.11
2025-06-05,Team A,Sarah,88,93.5,324,3.77,2,97
2025-08-28,Team C,Mary,94,91.08,301,4.66,2,95.12
2025-10-31,Team D,Alex,102,88.49,278,4.09,1,97.36
2025-12-17,Team C,Sarah,83,95.54,356,4.72,2,95.74
2025-04-25,Team D,Sophia,87,91.25,419,4.61,8,98.72
2025-11-09,Team C,Ryan,84,89.95,372,4.41,1,94.56
2025-04-15,Team D,Sophia,67,94.47,328,4.45,5,95.5
2025-06-03,Team A,Alex,83,89.47,343,4.59,3,93.82
2025-02-22,Team B,David,78,93.67,378,4.81,2,95.44
2025-01-01,Team C,Sarah,84,90.81,384,3.88,4,96.82
2025-07-28,Team C,Grace,95,90.17,308,4.52,1,96.53
2025-09-26,Team D,Lisa,59,94.56,371,4.04,4,94.59
2025-06-21,Team D,Chris,97,90.69,388,4.21,0,95.3
2025-02-11,Team A,Sarah,70,95.2,359,4.31,3,97.23
2025-08-26,Team A,David,91,92.9,314,4.44,2,95.35
2025-01-25,Team C,David,111,99.67,324,4.48,0,97.04
2025-03-19,Team C,Ryan,99,88.43,346,4.9,2,95.89
2025-03-27,Team A,Chris,78,91.5,231,4.31,0,95.05
2025-11-06,Team A,Aaron,103,88.59,295,4.24,2,97.86
2025-07-28,Team A,John,86,96.41,234,4.25,3,98.78
2025-05-29,Team A,Ryan,85,94.06,352,4.33,5,94.69
2025-03-03,Team A,Sarah,110,95.2,294,4.43,0,97.82
2025-05-14,Team D,John,72,90.62,345,4.59,4,94.96
2025-05-28,Team C,Rachel,101,93.27,300,4.13,3,96.3
2025-11-16,Team A,Rachel,80,87.19,292,3.93,2,97.22
2025-01-07,Team C,Grace,58,87.91,247,3.61,2,95.27
2025-01-24,Team A,Ryan,70,90.34,318,4.62,0,97.38
2025-03-22,Team D,Olivia,79,97.76,257,4.15,0,94.85
2025-10-07,Team D,Grace,96,93.09,333,4.4,1,93.33
2025-12-28,Team D,David,83,95.04,347,4.76,6,94.57
2025-10-26,Team C,Michael,114,90.61,357,4.53,2,98.48
2025-12-28,Team D,Grace,97,93.07,381,3.93,2,95.53
2025-09-06,Team D,Sarah,90,97,356,4.23,0,94.91
2025-08-08,Team B,Michael,111,93.52,380,4.35,2,96.22
2025-02-18,Team C,Aaron,84,95.6,308,4.58,1,93.06
2025-05-30,Team A,Grace,108,90.97,379,4.43,4,97.49
2025-12-26,Team B,Emma,99,89.63,265,4.53,1,96.57
2025-11-18,Team C,Jason,86,97.38,308,4.47,4,97.12
2025-11-14,Team B,Olivia,61,91.4,379,4.34,3,99.34
2025-11-07,Team A,Michael,86,90.71,365,4.59,1,95.03
2025-04-27,Team D,Chris,104,91.12,319,4.33,5,97.22
2025-04-21,Team A,Grace,110,92.14,389,4.25,2,99.09
2025-07-25,Team B,Kevin,52,95.39,348,4.26,3,97.28
2025-05-05,Team B,Aaron,79,91.32,404,4.19,1,96.88
2025-09-14,Team A,Sarah,82,88.3,328,4.64,1,95.73
2025-02-14,Team B,Michael,96,90.28,303,4.92,0,95.32
2025-05-27,Team A,Sophia,80,94.15,276,3.88,2,96.51
2025-11-26,Team A,Sophia,97,94.96,252,4.66,2,95.78
2025-02-17,Team A,Kevin,76,88.35,333,4.51,3,94.42
2025-02-12,Team C,Daniel,51,93.7,362,4.95,2,95.97
2025-04-06,Team B,Alex,87,92.84,341,4.52,0,95.74
2025-06-13,Team A,Nicole,86,87.65,221,4.2,1,95.2
2025-12-24,Team C,Grace,69,91,342,4.08,3,93.36
2025-10-21,Team A,Olivia,70,95.3,246,4.61,2,96.5
2025-10-13,Team D,Aaron,80,92.55,325,4.52,1,93.1
2025-01-13,Team B,David,70,93.41,361,4.82,0,96.19
2025-01-10,Team A,Ryan,94,96.67,300,4.36,3,98.47
2025-01-21,Team A,Jason,72,88.73,221,4.47,1,96.99
2025-01-13,Team C,Chris,64,91.33,296,4,3,96.03
2025-01-26,Team B,Kevin,78,92.52,288,4.57,2,92.72
2025-06-06,Team D,Aaron,73,85.01,351,4.12,2,94.43
2025-10-05,Team C,Sophia,53,94.27,208,4.34,1,94.07
2025-09-27,Team A,Chris,79,91.96,349,4.22,2,96.61
2025-11-25,Team B,Ryan,107,96.72,335,4.86,0,97.82
2025-12-23,Team C,Sophia,84,92.59,396,3.67,2,98.66
2025-11-25,Team A,Amy,87,94.04,360,4.57,4,95.55
2025-05-09,Team A,Sarah,72,98.09,217,4.84,7,93.83
2025-10-09,Team D,Aaron,84,96.59,268,4.08,2,96.98
2025-09-12,Team B,Sophia,61,89.42,322,4.44,2,96.69
2025-03-04,Team D,Ryan,85,91.21,367,4.24,2,95.59
2025-02-05,Team B,David,85,100,300,4.52,5,93.24
2025-12-08,Team B,Daniel,60,87.85,296,4.28,4,96.52
2025-06-23,Team B,Grace,117,89.75,190,4.91,2,95.21
2025-03-16,Team C,Kevin,87,93.35,370,4.73,2,95.94
2025-05-06,Team C,Ryan,81,95.29,342,4.02,1,94.8
2025-02-17,Team D,Aaron,94,85.12,311,4.42,1,96.48
2025-07-19,Team C,Alex,70,92.24,356,4.14,2,96.08
2025-09-19,Team C,Sophia,109,94.86,457,4.19,0,96.5
2025-01-09,Team A,Grace,80,99.32,266,3.98,1,97.52
2025-04-23,Team D,Grace,110,95.11,301,4.1,3,100
2025-01-09,Team A,Amy,95,90.87,338,4.32,2,94.92
2025-05-07,Team C,Kevin,88,89.56,330,4.66,0,93.35
2025-05-13,Team D,Grace,103,88.99,396,4.51,3,95.25
2025-12-05,Team C,Kevin,62,92.86,284,4.52,4,94.63
2025-03-12,Team C,Nicole,67,95.99,338,4.57,5,94.13
2025-10-28,Team D,David,82,97.58,375,4.22,2,97.08
2025-07-28,Team C,Daniel,79,95.5,286,4.61,2,94.67
2025-10-02,Team A,Olivia,61,91.9,299,4.44,3,94.15
2025-03-23,Team A,Sophia,84,93.07,303,5,4,97.77
2025-08-24,Team D,Aaron,75,92.96,324,4.81,4,96.37
2025-12-23,Team D,Emma,84,96.59,245,4.65,3,93.22
2025-03-08,Team B,Alex,80,89.51,356,4.17,1,98.27
2025-04-30,Team B,Alex,63,91.56,319,4.52,2,94.85
2025-04-16,Team D,Grace,85,95.18,394,4.67,5,94.56
2025-02-03,Team D,Aaron,96,96.22,220,4.79,2,98.91
2025-12-10,Team A,Lisa,99,93.38,289,4.23,1,94.7
2025-04-16,Team C,Lisa,67,87.97,290,4.52,1,100
2025-07-24,Team A,Aaron,57,97.11,276,4.46,5,100
2025-12-05,Team D,Aaron,75,89.95,314,4.1,5,96.99
2025-11-19,Team A,Alex,89,92.93,406,4.43,3,94.88
2025-04-22,Team D,Lisa,96,91.68,282,4.77,4,96.3
2025-02-06,Team D,Amy,70,87.88,278,4.3,3,94
2025-02-17,Team B,Grace,67,91.46,280,4.18,3,95.73
2025-10-19,Team B,Michael,81,97.16,231,4.78,3,100
2025-10-17,Team A,Ryan,111,93.69,412,4.69,1,92.41
2025-11-15,Team A,Kevin,71,94.42,305,4.41,3,93.69
2025-09-12,Team C,Daniel,81,93.05,321,4.32,2,95.55
2025-03-11,Team B,Chris,95,94.19,329,3.92,3,95.49
2025-08-06,Team D,Amy,91,93.39,344,4.46,3,95.54
2025-08-08,Team C,Daniel,84,92.22,394,4.47,2,98.19
2025-07-14,Team D,Amy,81,97.21,196,3.83,2,97.82
2025-10-11,Team B,David,85,90.97,367,4.93,1,91.33
2025-11-07,Team B,Kevin,97,95.14,238,3.97,1,97.12
2025-05-17,Team C,Amy,69,93.97,367,4.6,1,95.08
2025-04-28,Team B,David,101,91.34,460,4.63,0,94.03
2025-02-22,Team C,Chris,71,91.06,303,4.87,2,96.55
2025-02-18,Team B,Ryan,107,97.07,298,3.98,1,95.7
2025-01-16,Team A,Grace,55,93.47,418,4.56,0,98.64
2025-03-07,Team C,Lisa,70,95.4,334,4.65,2,96.25
2025-02-06,Team C,John,69,94.74,330,4.24,2,98.23
2025-11-18,Team A,Grace,95,89.66,307,4.6,1,94.81
2025-11-02,Team D,Ryan,79,89.81,261,4.03,3,95.51
2025-06-30,Team A,Alex,106,87.5,377,4.1,2,95.49
2025-10-17,Team A,Lisa,99,89.3,348,4.68,2,95.12
2025-07-18,Team D,Sophia,62,92.61,306,4.36,1,96.19
2025-10-12,Team D,Olivia,92,95.27,291,4.62,0,93.82
2025-09-19,Team C,Emma,73,88.29,309,4.76,1,95.53
2025-08-25,Team C,Rachel,102,93.39,311,4.76,0,95.25
2025-01-05,Team D,Rachel,77,95.27,298,4.49,1,96.28
2025-08-15,Team D,Emma,44,92.16,292,4.36,4,97.5
2025-06-04,Team A,Mary,79,94.32,306,4.3,1,93.39
2025-08-21,Team A,Lisa,74,98.13,349,4.63,0,97.71
2025-04-03,Team A,Sarah,72,93.46,352,4.12,3,90.97
2025-03-06,Team B,Grace,89,91.24,274,4.39,5,93.75
2025-09-22,Team D,Rachel,75,93.56,327,4.06,0,94
2025-01-24,Team A,Jason,109,94.03,364,4.27,0,92.28
2025-05-11,Team D,Kevin,94,89.42,349,4.76,0,94.7
2025-06-13,Team D,Daniel,95,98.24,291,3.82,2,91.64
2025-08-03,Team C,Nicole,110,92.31,287,4.38,3,95.8
2025-08-14,Team C,David,106,91.05,382,4.25,0,94.91
2025-08-15,Team D,Nicole,100,88.58,290,4.28,2,96.78
2025-07-31,Team A,Daniel,79,94.97,272,4.39,0,94.49
2025-11-18,Team A,Ryan,77,88.88,323,4.49,3,97.58
2025-10-27,Team A,David,91,95.05,318,4.87,0,94.41
2025-12-31,Team B,Nicole,68,93.23,327,4.52,0,95.36
2025-01-29,Team A,David,68,92.64,359,4.3,2,99.62
2025-03-26,Team B,Chris,83,90.79,284,4.55,1,93.25
2025-02-09,Team B,Rachel,77,90.81,329,4.29,4,100
2025-04-30,Team A,Olivia,72,94.3,347,3.94,2,95.59
2025-09-30,Team A,David,118,87.51,274,4.36,2,95.6
2025-01-26,Team D,John,66,94.07,203,4.39,2,94.99
2025-04-14,Team D,Sophia,110,91.91,297,4.41,3,100
2025-01-27,Team D,Mary,65,92.53,293,4.5,1,98.11
2025-06-29,Team A,Grace,87,92.29,338,4.88,2,100
2025-05-18,Team C,John,73,89.45,328,4.66,0,97.3
2025-12-21,Team B,Sophia,84,94.38,240,5,0,95.54
2025-02-17,Team D,Rachel,100,88.17,356,4.08,6,99.7
2025-06-02,Team D,Lisa,82,90.29,325,4.18,0,96.19
2025-06-13,Team A,Jason,58,94.04,256,4.45,3,98.68
2025-07-28,Team A,Mary,88,96.7,303,4.64,0,100
2025-10-07,Team C,Sophia,94,96.61,298,4.02,0,96.94
2025-06-19,Team C,Mary,84,92.38,314,4.38,1,93.31
2025-10-16,Team A,Sophia,89,96.98,322,4.33,0,94.43
2025-08-29,Team B,Emma,92,90.59,328,4.45,3,98.35
2025-04-07,Team B,Amy,93,92.68,387,4.28,1,99.29
2025-04-14,Team B,Mary,88,92.87,259,4.68,0,95.9
2025-05-12,Team D,Aaron,75,96.09,271,4.52,4,100
2025-03-15,Team C,John,77,92.84,288,4.52,2,95.25
2025-08-25,Team B,Lisa,81,96.1,366,3.9,3,92.82
2025-02-08,Team B,Ryan,63,85.42,344,4.26,0,96.92
2025-12-26,Team C,Alex,62,91.94,385,4.01,3,97.62
2025-10-07,Team A,Amy,86,93.3,265,4.28,0,96.32
2025-07-25,Team C,Grace,98,93.97,205,4.53,2,98.9
2025-07-02,Team B,Sophia,80,94.65,334,4.55,2,94.38
2025-11-01,Team C,Emma,89,98.41,315,4.8,4,97.15
2025-04-12,Team C,Mary,112,92.94,204,4.23,2,95.02
2025-01-18,Team C,Michael,107,89.13,364,5,6,95.13
2025-06-15,Team B,Daniel,96,92.18,299,4.51,3,97.64
2025-03-01,Team B,Mary,84,94.04,296,4.65,1,97.22
2025-05-01,Team A,Rachel,68,87.91,255,4.63,3,95.59
2025-08-15,Team C,David,92,88.17,318,4.52,3,96.56
2025-09-03,Team C,Grace,118,88.92,283,4.99,3,98
2025-09-07,Team B,Alex,85,90.76,317,4.38,2,97.31
2025-11-11,Team B,David,79,97.32,361,4.3,2,95.9
2025-12-09,Team D,Olivia,69,91.24,338,4.32,2,95.71
2025-08-13,Team C,Alex,95,99.38,282,4.05,3,96.26
2025-03-24,Team D,David,74,91.2,312,4.06,0,96.52
2025-04-28,Team D,Sarah,84,90.48,377,4.57,3,97.84
2025-01-25,Team A,Michael,74,93.92,312,4.69,2,97.67
2025-08-18,Team C,Daniel,87,97.1,285,4.43,2,92.84
2025-10-27,Team C,Olivia,59,95.93,283,4.13,0,94.62
2025-10-01,Team A,Chris,84,86.62,318,4.72,0,96.8
2025-10-15,Team B,Kevin,82,93.66,298,4.63,4,95.42
2025-01-05,Team B,Olivia,63,98.55,343,4.18,0,93.97
2025-05-30,Team A,Sophia,68,89.68,311,4.11,2,96.46
2025-02-15,Team A,Alex,100,94.04,295,4.13,3,99.46
2025-07-08,Team D,Sophia,102,93.88,282,4.4,1,95.84
2025-08-28,Team D,Chris,82,90.7,281,4.64,2,96.85
2025-01-30,Team A,Lisa,106,89.67,358,4.09,2,93.83
2025-07-13,Team B,Chris,96,93.99,337,4.79,3,97.82
2025-10-22,Team C,Kevin,72,94.84,293,4.7,3,92.92
2025-03-09,Team B,Amy,71,94.72,400,4.27,1,94.35
2025-05-04,Team C,Rachel,99,87.78,364,4.64,1,94.03
2025-06-16,Team A,Aaron,80,93.11,447,4.11,1,96.66
2025-10-15,Team C,Daniel,84,92.66,235,4.63,4,96.66
2025-11-04,Team C,Aaron,90,90.57,351,4.92,1,99.23
2025-12-01,Team C,Rachel,86,88.95,292,4.47,2,97.04
2025-03-16,Team B,Grace,92,96.38,337,4.17,1,91.68
2025-04-05,Team D,Sophia,56,95.45,366,4.74,3,95.34
2025-04-18,Team D,Alex,96,100,273,4.27,6,96.99
2025-07-10,Team C,Aaron,73,91.76,418,5,4,93.56
2025-09-22,Team B,Chris,72,100,278,4.36,5,98.52
2025-04-13,Team A,Michael,110,94.95,235,4.36,1,97.03
2025-05-11,Team B,Alex,89,97.38,333,4.57,3,96.55
2025-02-23,Team D,Chris,106,95.26,350,4.75,3,98.61
2025-11-10,Team D,Amy,81,95.44,294,5,3,98.3
2025-12-10,Team C,Sarah,68,92.68,318,4.32,0,99.05
2025-12-18,Team C,Sophia,108,91.75,253,3.82,2,93.73
2025-09-23,Team D,Mary,85,94.23,341,3.79,4,93.76
2025-11-20,Team A,Grace,102,90.76,361,4.26,3,93.61
2025-04-02,Team D,Lisa,81,89.69,327,4.27,0,95.95
2025-11-25,Team B,Mary,74,92.08,337,4.47,5,94.92
2025-08-15,Team A,Nicole,74,93.21,300,4.45,4,94.66
2025-10-03,Team A,Daniel,91,94.56,320,4.39,0,94.24
2025-07-14,Team C,Rachel,76,90.78,286,4.55,1,95.81
2025-03-18,Team B,Alex,78,87.42,279,4.6,0,98.37
2025-11-11,Team A,David,82,93.78,350,3.99,1,92.81
2025-06-15,Team B,Emma,105,90.64,293,3.96,3,95.52
2025-08-27,Team A,Aaron,89,88.73,326,4.56,2,93.74
2025-04-01,Team A,Daniel,89,96.32,317,4.48,0,92.49
2025-05-11,Team D,Chris,98,95.93,378,4.37,0,97.91
2025-11-02,Team B,Lisa,82,88.54,344,4.5,3,93.67
2025-11-17,Team B,David,91,92.07,287,4.57,5,93.88
2025-08-28,Team D,Alex,50,90.62,422,4.34,1,94.58
2025-12-17,Team D,Sarah,89,93.86,302,4.21,3,98.68
2025-02-20,Team A,Daniel,99,100,290,4.44,0,94.11
2025-03-21,Team D,Alex,82,93.14,282,4.32,1,95.81
2025-02-19,Team B,David,97,94.65,292,4.07,4,93.72
2025-10-09,Team C,Grace,67,91.95,298,4.03,5,91.14
2025-07-02,Team D,Sarah,72,89.33,254,3.94,1,94.73
2025-11-13,Team D,Alex,56,95.11,417,4.03,4,97.21
2025-06-11,Team D,Jason,71,93.35,352,4.38,2,98.8
2025-06-05,Team D,Nicole,82,91.07,231,4.13,2,95.03
2025-09-01,Team B,Chris,91,88.72,372,4.25,1,100
2025-02-07,Team A,Ryan,85,92.89,312,4.37,3,90.33
2025-03-31,Team D,Nicole,78,95.23,293,4.42,3,97.47
2025-06-18,Team D,Grace,87,91.66,280,4.07,2,99.17
2025-12-07,Team D,Nicole,100,97.22,388,4.2,3,97.84
2025-08-01,Team D,Olivia,95,92.36,309,4.71,1,96.44
2025-10-09,Team B,Ryan,62,96.38,281,4.6,0,97.97
2025-07-17,Team C,Emma,85,91.87,301,4.72,0,96.72
2025-12-10,Team B,Nicole,87,94.16,330,4.19,3,95.38
2025-05-03,Team A,Kevin,93,93.53,347,4.66,1,95.63
2025-12-09,Team C,Lisa,68,91.9,273,4.93,1,92.74
2025-07-26,Team A,John,73,96.09,327,4.81,2,97.32
2025-11-07,Team C,Rachel,86,94.88,361,4.55,1,98.63
2025-12-27,Team B,Michael,92,89.14,259,4.34,2,100
2025-08-16,Team A,Daniel,71,92.37,232,4.62,1,96.53
2025-02-03,Team B,Kevin,103,92.42,291,4.86,4,96.59
2025-10-13,Team B,Chris,94,95.11,404,4.47,4,94.67
2025-10-28,Team A,Rachel,93,99.31,392,4.46,3,96.62
2025-01-22,Team A,Sophia,95,89.12,332,4.21,3,96.42
2025-12-15,Team C,Kevin,89,95.19,337,4.49,3,95.85
2025-12-19,Team C,Mary,60,90.52,365,4.33,3,96.13
2025-03-30,Team A,Emma,102,92.63,423,4.27,0,95.2
2025-12-01,Team A,Alex,61,92.7,257,4.63,3,98.84
2025-07-26,Team C,Jason,64,95.85,290,4.4,1,95.85
2025-05-02,Team B,Chris,103,96.34,267,4.3,3,96.79
2025-02-06,Team C,Aaron,90,90.39,348,4.75,2,96.94
2025-08-07,Team A,Chris,83,95.56,308,4.64,1,93.99
2025-02-21,Team B,Jason,111,88.96,326,4.45,2,95.92
2025-08-15,Team A,Ryan,110,89.63,246,3.79,0,95.03
2025-09-08,Team B,Olivia,74,90.14,241,4.35,2,96.09
2025-04-16,Team C,Jason,102,93.2,440,4.35,6,97.56
2025-07-16,Team B,Alex,80,91.29,251,4.4,3,95
2025-07-29,Team D,Olivia,73,96.76,279,4.36,2,96.32
2025-12-08,Team A,Olivia,66,93.74,318,4.45,0,96.43
2025-07-15,Team B,Olivia,70,92.77,351,4.4,3,90.27
2025-08-20,Team C,Michael,83,96.66,322,4.44,2,96.72
2025-08-27,Team B,Kevin,84,91.54,225,4.52,3,97.04
2025-10-15,Team D,Kevin,91,90.36,375,4.56,1,97.55
2025-10-15,Team C,Michael,103,93.48,381,4.65,2,97.35
2025-01-16,Team A,John,73,92.78,244,4.87,2,99.29
2025-09-28,Team B,Sophia,78,89.78,319,5,3,99.69
2025-05-15,Team C,Sophia,98,97.71,336,4.43,2,97.11
2025-11-10,Team A,John,72,94.04,305,4.23,3,94.15
2025-10-05,Team A,Sophia,68,97.06,320,4.33,1,98.14
2025-08-04,Team B,Grace,98,93.71,309,4.51,1,98.96
2025-04-05,Team C,Sarah,82,96.94,348,4.26,2,92.52
2025-04-25,Team C,Amy,80,95.55,339,4.62,5,96.03
2025-02-02,Team A,Kevin,60,94.86,443,3.98,2,96.42
2025-06-24,Team D,Sarah,74,90.7,305,3.84,2,96.81
2025-11-24,Team A,David,69,97.04,294,4.71,1,94.96
2025-03-20,Team B,Rachel,88,90.19,279,4.5,0,97.89
2025-12-18,Team A,Emma,91,92.28,322,4.68,2,100
2025-06-18,Team D,David,81,92,334,4.36,0,95.11
2025-12-31,Team C,Olivia,86,97.25,325,3.86,2,94.88
2025-06-10,Team C,Rachel,67,96.48,285,4.33,0,95.29
2025-12-12,Team A,Sarah,87,90.76,293,4.32,2,92.32
2025-05-05,Team B,Lisa,69,94.95,362,4.48,2,96.73
2025-11-26,Team C,Grace,86,94.89,265,4.36,3,95.89
2025-10-31,Team D,Rachel,83,87.4,344,5,1,96.35
2025-05-29,Team D,Olivia,93,95.43,314,4.44,0,96.96
2025-04-05,Team B,Aaron,85,90.1,217,4.27,0,98.27
2025-05-12,Team C,Chris,86,93.97,297,4.47,3,93.81
2025-10-06,Team C,Sarah,95,92.64,313,3.78,2,98.12
2025-09-06,Team C,Nicole,126,92.03,367,4.02,3,98.16
2025-12-28,Team B,Ryan,80,92.19,442,4.11,1,96.35
2025-11-27,Team A,Daniel,87,91.13,320,4.56,0,94.57
2025-01-02,Team B,Mary,73,92.32,289,4.71,1,93.61
2025-07-29,Team B,Ryan,100,93.24,349,4.07,1,93.15
2025-04-02,Team D,Rachel,53,98.62,337,4.56,2,96.33
2025-04-05,Team B,Jason,60,92.02,419,4.47,2,96.25
2025-06-17,Team D,Nicole,70,100,363,3.87,1,95.55
2025-09-15,Team D,Lisa,44,95.02,358,4.25,2,95.63
2025-03-19,Team B,Rachel,71,90.89,289,4.25,2,98.33
2025-08-16,Team C,Chris,75,89.54,321,4.36,2,96.37
2025-03-18,Team D,Kevin,90,96.39,346,4.44,4,96.67
2025-05-02,Team A,Mary,103,88.58,201,4.42,4,92.79
2025-05-12,Team D,Nicole,74,94.29,276,4.43,3,95.12
2025-12-01,Team C,Rachel,98,96.93,294,4.12,3,98.7
2025-06-14,Team D,Daniel,67,93.17,352,4.45,3,96.61
2025-04-08,Team A,Michael,90,91.2,347,4.64,2,93.6
2025-01-27,Team A,Jason,72,95.67,334,4.93,4,95.51
2025-09-03,Team B,Kevin,99,87.27,286,4.22,2,98.2
2025-05-05,Team A,Olivia,76,88.76,340,4.31,2,96.03
2025-09-18,Team D,Olivia,75,93.59,334,4.16,2,97.91
2025-01-16,Team C,Ryan,76,94.76,272,4.04,1,93.62
2025-12-29,Team A,Alex,85,95.08,387,4.84,0,99.08
2025-05-05,Team B,Ryan,72,92.35,302,4.62,1,91.59
2025-12-14,Team A,Grace,102,89.66,331,4.36,2,97.36
2025-04-10,Team A,Kevin,121,90.09,299,4.58,4,94.09
2025-03-23,Team A,Amy,83,93.95,276,4.66,2,92.43
2025-04-27,Team D,Kevin,81,96.03,357,4.2,0,92.82
2025-02-02,Team C,Sarah,87,94.13,360,4.74,1,98.31
2025-02-25,Team A,Ryan,88,90.92,344,4.69,3,96.6
2025-03-21,Team C,Grace,104,90.7,292,4.55,3,95.13
2025-09-04,Team A,Amy,73,94.32,282,5,5,97.12
2025-07-10,Team C,Alex,78,96.59,295,4.61,2,94.51
2025-05-30,Team C,Olivia,69,93.09,279,4.34,1,94.57
2025-04-27,Team C,Amy,58,91.71,203,4.54,3,93.76
2025-06-08,Team D,Nicole,79,91.16,326,4.52,1,97.51
2025-06-14,Team A,Ryan,55,97.68,308,5,2,94.6
2025-05-02,Team D,Jason,56,92.6,338,4.52,3,96.23
2025-12-04,Team D,Rachel,89,86.32,310,4.35,2,99.3
2025-04-04,Team B,Lisa,88,92.52,296,3.99,0,99.36
2025-01-28,Team A,David,96,94.35,364,4.34,0,94.37
2025-03-11,Team C,Olivia,80,90.8,252,4.41,4,96.61
2025-05-14,Team A,Daniel,91,91.41,282,4.57,3,96.27
2025-09-14,Team C,John,71,95.7,240,4.05,3,94.98
2025-03-01,Team A,Sarah,69,95.04,321,4.62,3,94.49
2025-01-25,Team A,Sophia,83,91.56,300,4.12,0,95.03
2025-11-15,Team D,Nicole,58,95.13,224,4.16,2,92.52
2025-05-06,Team B,Emma,106,91.63,254,4.49,0,95.57
2025-07-06,Team A,Alex,61,97.33,329,4.13,4,98.84
2025-05-26,Team B,Daniel,100,91.74,295,4.5,2,95.63
2025-09-20,Team B,Ryan,81,97.19,378,4.14,2,93.69
2025-07-17,Team C,Jason,67,94.02,364,4.58,4,96.02
2025-12-02,Team D,Mary,87,91.04,315,4.42,3,94.8
2025-01-07,Team B,Olivia,80,95.14,365,4.71,1,96.18
2025-02-14,Team A,Sophia,89,92.63,279,4.61,0,95.85
2025-11-02,Team C,Olivia,92,92.69,266,4.63,2,97.04
2025-09-13,Team A,Sarah,85,91.63,377,4.66,1,92.47
2025-02-21,Team D,Aaron,98,89.77,256,3.82,2,96.26
2025-07-08,Team C,Sarah,84,91.7,220,4.59,4,94.74
2025-05-14,Team D,Chris,64,91.51,273,4.14,2,97.08
2025-04-26,Team A,Daniel,97,91.31,347,4.2,1,95.5
2025-07-20,Team C,Amy,101,98.15,306,4.21,1,98.66
2025-11-13,Team C,Emma,85,86.13,320,4.42,1,97.64
2025-09-24,Team A,Alex,106,95.38,205,4.08,2,96.68
2025-05-07,Team C,Rachel,78,89.8,312,4.46,1,94.84
2025-04-11,Team C,Amy,75,91.73,286,4.39,2,98.88
2025-11-20,Team C,Nicole,104,94.53,371,4.69,1,94.33
2025-02-13,Team B,Rachel,97,95.13,324,4.55,0,94.9
2025-06-17,Team B,Ryan,67,91.54,339,4.76,2,94.68
2025-02-19,Team D,Michael,81,89.59,290,4.34,2,96.52
2025-10-25,Team B,Sarah,106,90.14,300,4.52,2,95.99
2025-10-25,Team A,Jason,101,96.84,278,4.1,4,94.74
2025-08-02,Team D,Kevin,74,95.11,353,4.7,3,98.16
2025-06-06,Team C,Ryan,67,94.31,289,3.89,2,96.72
2025-05-30,Team B,Chris,76,91.32,358,5,0,97.6
2025-12-03,Team C,Aaron,81,95.69,296,4.6,0,96.11
2025-11-23,Team D,Mary,80,93.2,315,3.9,3,91.34
2025-06-21,Team B,Aaron,96,92.52,287,4.32,3,98.38
2025-11-04,Team A,Daniel,72,94.81,285,4.76,4,95.85
2025-04-17,Team C,Jason,73,89.99,279,4.7,1,94.88
2025-07-07,Team B,John,86,95.9,304,4.23,3,95.02
2025-01-15,Team B,Olivia,97,94.72,258,4.29,6,95.17
2025-04-09,Team B,John,80,92.37,281,4.48,2,94.09
2025-12-07,Team A,Ryan,80,88.09,314,4.62,1,100
2025-04-02,Team C,Amy,93,95.62,264,4.37,3,97.46
2025-07-07,Team D,Chris,64,96.51,322,4.61,2,97.02
2025-08-14,Team B,Grace,96,93.35,328,4.64,1,97.05
2025-02-21,Team A,Sophia,70,91.37,325,4.56,0,93.11
2025-09-30,Team C,Nicole,72,96.09,268,3.85,1,96.86
2025-10-25,Team C,Ryan,82,94.92,315,4.15,3,95.92
2025-01-03,Team D,Amy,82,91.02,310,4.45,2,97.76
2025-05-13,Team A,David,85,93.05,363,4.7,1,99.06
2025-11-14,Team B,Jason,79,94.31,378,4.28,2,95.45
2025-05-20,Team D,Grace,78,95.46,263,4.87,2,93.33
2025-01-25,Team C,Nicole,100,91.24,350,4.67,2,96.12
2025-05-16,Team C,Nicole,74,93.83,363,4.52,2,95.9
2025-03-24,Team D,Grace,81,92.83,292,4.49,0,97.07
2025-08-14,Team C,Grace,92,94.79,321,5,3,95.57
2025-07-17,Team C,Olivia,51,92.91,265,4.44,0,97.47
2025-06-27,Team A,Amy,62,95.87,327,4.28,2,95.8
2025-03-10,Team C,Ryan,65,97.1,215,4.81,1,98.49
2025-03-24,Team A,Sarah,92,91.68,311,4.27,1,95.64
2025-05-28,Team A,Olivia,62,91.76,345,4.51,1,95.11
2025-03-12,Team B,Sophia,80,92.73,195,4.54,2,93.93
2025-01-06,Team D,Jason,125,97.16,389,4.09,2,95.59
2025-04-25,Team A,Michael,91,94.77,272,4.81,2,95.09
2025-03-02,Team C,Alex,84,95.57,355,4.52,4,92.6
2025-11-30,Team A,Michael,75,93.84,356,4.19,2,96.93
2025-04-05,Team A,Nicole,69,95.84,267,3.93,0,94.5
2025-05-18,Team C,Rachel,93,96,357,4.89,2,93.87
2025-01-08,Team A,Alex,96,87.54,339,4.85,1,96.2
2025-10-30,Team B,Alex,100,88.44,324,4.38,0,91.93
2025-08-03,Team B,Amy,93,95.77,325,4.32,3,91.9
2025-11-21,Team B,Rachel,104,96.8,257,3.88,2,96.77
2025-07-31,Team C,Jason,97,96.63,305,5,0,93.53
2025-06-13,Team B,Kevin,84,96.53,357,4.58,1,99.11
2025-09-30,Team C,Kevin,78,88.98,280,4.08,1,95.87
2025-06-15,Team C,Olivia,111,91.42,302,4.16,5,96.68
2025-10-13,Team D,Emma,80,93.96,224,4.25,2,98.12
2025-04-24,Team A,Kevin,60,88.09,283,4.41,3,94.66
2025-12-28,Team D,Kevin,74,90.56,295,4.25,2,98.76
2025-02-24,Team B,Alex,115,93.33,268,4.52,1,99.39
2025-10-07,Team D,David,72,97.57,387,3.87,2,94.15
2025-06-03,Team D,Olivia,90,94.54,277,4.5,2,94.01
2025-03-17,Team C,Amy,68,91.13,293,3.9,2,99.15
2025-03-06,Team C,Grace,77,100,369,4.99,2,97.79
2025-07-16,Team B,Mary,99,93.32,389,4.65,3,94.26
2025-09-22,Team C,Nicole,81,88.69,292,4.07,1,94.53
2025-10-22,Team C,Ryan,106,92.25,349,4.38,1,97.49
2025-01-21,Team C,Lisa,72,96.41,391,4.46,1,97.34
2025-01-27,Team C,Emma,77,95.06,443,4.59,2,98.33
2025-08-18,Team A,Michael,70,92.48,319,4.39,1,96.18
2025-05-22,Team D,Lisa,66,90.03,277,4.01,1,95.29
2025-08-27,Team C,Chris,86,92.98,361,4.21,2,96.61
2025-01-14,Team A,Lisa,72,84.71,329,4.66,2,96.41
2025-10-28,Team C,Lisa,111,93.2,188,3.96,2,96.32
2025-09-17,Team B,Amy,107,90.32,281,4.26,0,93.13
2025-12-08,Team C,Emma,101,95.45,328,4.26,4,95.76
2025-08-08,Team B,John,102,94.89,368,4.6,3,99.59
2025-07-03,Team B,Nicole,90,92.04,389,4.08,2,98.95
2025-08-23,Team A,Daniel,77,88.15,296,4.67,2,96.92
2025-01-07,Team D,Jason,56,93.28,280,3.74,2,97.36
2025-09-23,Team D,Alex,100,89.71,351,4.16,1,95.91
2025-09-29,Team D,Aaron,62,89.12,314,3.96,3,94.28
2025-02-06,Team D,Sophia,98,88.58,445,4.76,0,99.69
2025-04-15,Team A,Rachel,85,96.61,333,4.57,0,95.05
2025-01-10,Team B,Daniel,107,92.83,298,4.24,0,95.57
2025-03-15,Team D,Lisa,92,95.05,358,4.39,6,96.03
2025-09-30,Team B,Lisa,98,96.58,248,4.36,2,98.06
2025-01-20,Team C,David,98,98.01,373,4.16,3,90.91
2025-08-18,Team A,Emma,46,90.98,298,4.45,4,95.35
2025-01-23,Team C,Michael,106,92.75,287,4.23,2,95.27
2025-09-18,Team B,Sophia,76,87.34,373,4.87,3,94.84
2025-05-10,Team C,Aaron,91,94.02,368,4.03,1,95.2
2025-06-13,Team D,Ryan,86,94.25,436,3.84,5,98.14
2025-07-31,Team C,Aaron,104,98.38,294,4.69,3,99.95
2025-04-14,Team C,Mary,66,90.82,266,4.85,4,98.13
2025-08-02,Team A,Aaron,82,91.9,337,4.54,1,95.77
2025-03-25,Team A,Aaron,101,93.36,272,3.84,3,93.97
2025-11-25,Team D,Sarah,87,91.9,273,4.69,0,95.87
2025-08-20,Team D,Kevin,80,88.09,343,4.23,5,94.58
2025-07-17,Team B,Daniel,84,94.78,290,4.41,0,95.8
2025-07-14,Team D,Chris,69,93.48,238,4.61,1,97.17
2025-06-14,Team C,David,81,96.69,217,4.64,6,96.05
2025-08-18,Team D,Daniel,80,94.68,318,4.16,1,93.79
2025-06-03,Team C,Michael,94,88.88,376,4.75,2,97.45
2025-09-11,Team D,Daniel,74,95.08,381,4.54,1,98.19
2025-07-05,Team B,Michael,97,93.13,274,3.96,1,95.4
2025-03-30,Team A,Sarah,67,95.23,361,5,1,95.7
2025-03-23,Team B,John,97,96.25,312,4.5,4,94.17
2025-05-31,Team B,Amy,68,88.13,330,4.46,4,96.19
2025-09-15,Team D,Chris,83,91.18,278,4.42,0,92.22
2025-08-23,Team C,Kevin,106,93.23,244,4.2,2,97.05
2025-10-19,Team C,John,107,91.28,300,4.21,1,97.38
2025-02-13,Team C,Lisa,93,98.38,286,4.18,3,93.89
2025-03-31,Team D,Chris,87,92.36,333,4.77,1,94.6
2025-01-30,Team B,Grace,72,95.13,413,4.46,3,96.12
2025-12-31,Team C,Amy,91,95.14,341,4.35,3,96.11
2025-07-30,Team A,Alex,52,94.3,394,4.44,2,94.54
2025-11-05,Team A,David,77,92.6,222,4.61,3,96.35
2025-09-16,Team C,Kevin,71,96.09,372,4.49,0,99.19
2025-12-25,Team A,Lisa,69,93.88,247,4.59,3,98.11
2025-12-01,Team B,Sarah,71,88.99,296,4.59,4,96.02
2025-12-18,Team B,David,73,92.39,441,4.54,3,99.39
2025-10-28,Team A,Grace,79,91.26,325,4.63,1,97.52
2025-04-23,Team D,Daniel,99,93.36,344,4.55,2,96.58
2025-08-03,Team B,Nicole,97,98.94,429,4.43,7,93.73
2025-01-18,Team B,Emma,80,100,275,4.59,4,96.31
2025-09-26,Team A,Emma,103,88.76,279,4.17,2,96.97
2025-05-25,Team A,Daniel,97,95.44,336,5,0,97.84
2025-03-22,Team D,Aaron,104,91.66,370,4.43,2,93.5
2025-11-03,Team B,Daniel,100,94.97,368,4.41,2,94.87
2025-04-13,Team D,Sophia,96,96.35,317,4.43,0,94.7
2025-08-27,Team A,Michael,86,90.93,374,4.45,0,93.81
2025-06-03,Team B,Jason,93,92.58,337,4,2,99.57
2025-12-15,Team C,Rachel,76,93.47,302,4.12,3,94.46
2025-10-29,Team A,Emma,84,91.75,294,4.53,3,100
2025-07-14,Team B,Daniel,84,91.65,360,4.75,1,96.07
2025-02-13,Team D,John,113,91.2,342,4.61,2,93.8
2025-12-08,Team B,John,107,97.27,300,4.37,2,95.68
2025-07-05,Team C,Kevin,69,87.84,336,4.25,2,98.76
2025-06-23,Team C,Mary,91,93.64,351,4.46,2,98.37
2025-09-07,Team B,Daniel,77,97.06,322,4.81,0,97.93
2025-10-24,Team C,Amy,88,90.14,368,4.72,2,98.08
2025-11-13,Team C,Ryan,84,94.83,331,4.58,2,98.54
2025-08-15,Team D,Nicole,69,88.58,296,4.44,4,96.89
2025-09-12,Team A,Olivia,65,93.77,361,4.39,3,96.45
2025-01-31,Team D,Chris,60,87.32,255,4.38,5,97.2
2025-02-24,Team C,Mary,88,98.26,327,4.57,2,95.43
2025-01-27,Team C,Chris,69,92.45,285,4.29,3,98.12
2025-06-10,Team C,Ryan,99,97.52,242,4.29,4,95.58
2025-01-11,Team A,Lisa,84,95.46,310,5,1,98.08
2025-01-12,Team A,Ryan,101,91.83,399,4.51,2,96.25
2025-07-06,Team B,David,102,93.95,377,4.3,2,94.58
2025-05-05,Team A,Sarah,80,91.38,274,4.51,1,97.86
2025-02-26,Team A,Rachel,78,94.68,391,4.55,6,94.55
2025-02-21,Team A,Kevin,85,97.44,207,4.46,2,98.16
2025-11-29,Team C,Aaron,70,94.46,267,4.07,5,96.66
2025-09-18,Team C,Rachel,94,90.78,314,4.43,0,98.26
2025-08-10,Team D,David,62,97,337,5,2,97.22
2025-10-10,Team D,Olivia,53,96,269,4.24,1,95.85
2025-12-07,Team A,Alex,76,97.3,392,4.11,4,95.35
2025-11-17,Team D,John,92,92.1,310,4.14,2,94.18
2025-05-22,Team A,Grace,90,81.93,376,4.27,1,95.88
2025-06-08,Team C,Aaron,87,91.78,386,4.66,1,96.44
2025-07-10,Team A,Aaron,62,95.25,221,4.93,2,96.98
2025-11-30,Team D,Kevin,83,91.6,321,4.87,3,95.02
2025-04-22,Team B,Lisa,96,93.64,237,4.42,5,95.53
2025-03-05,Team B,Emma,102,89.7,348,4.63,4,98.71
2025-04-22,Team C,Nicole,96,91.46,287,4.38,2,97.12
2025-03-31,Team B,Alex,86,90.35,265,4.68,4,94.02
2025-10-26,Team B,Aaron,74,90.31,391,5,2,95.82
2025-11-01,Team A,John,109,91.09,314,4.53,2,97.31
2025-06-28,Team D,Grace,77,90.91,285,4.32,1,93.48
2025-03-31,Team C,Daniel,110,92.55,280,4.41,2,95.67
2025-06-02,Team B,Nicole,76,89.8,259,5,2,93.86
2025-10-15,Team A,Kevin,94,89.95,347,4.65,2,95.39
2025-01-27,Team A,Alex,67,90.14,254,4.19,3,97.54
2025-06-11,Team C,Chris,97,94.72,233,4.66,1,96.37
2025-10-09,Team D,Kevin,93,97.64,376,4.54,1,94.68
2025-06-01,Team C,Chris,80,93.84,350,4.4,4,98.51
2025-11-16,Team A,Mary,90,91.13,278,4.28,3,96.74
2025-02-27,Team A,Mary,109,93.6,292,4.38,4,95.92
2025-04-04,Team C,Chris,111,92.75,318,4.39,2,98.6
2025-03-18,Team B,David,84,97.1,323,3.74,2,94.32
2025-08-25,Team A,Grace,91,93.41,366,4.75,2,98.12
2025-07-16,Team C,Olivia,98,90.63,317,4.19,0,95.06
2025-07-18,Team C,David,84,94.19,369,4.56,0,97.72
2025-05-31,Team A,Amy,83,92.06,353,4.4,2,96.71
2025-09-21,Team A,Chris,79,92.03,382,4.12,0,98.01
2025-03-10,Team D,Emma,80,92.13,300,3.89,1,97
2025-01-03,Team C,Emma,89,95.68,315,4.52,0,97.32
2025-03-27,Team B,Emma,49,93.43,305,4.06,1,94.83
2025-09-07,Team C,Olivia,89,96.47,352,4.2,1,96.34
2025-05-10,Team D,Sophia,70,93.58,339,4.28,3,94.36
2025-07-28,Team A,Emma,58,94.65,265,4.47,0,95.36
2025-10-04,Team A,Olivia,86,93.92,396,4.23,2,93.63
2025-04-19,Team D,Daniel,80,89.19,272,4.32,3,94.41
2025-08-30,Team B,Alex,84,92.91,345,3.84,4,97.12
2025-02-23,Team D,Rachel,96,91.83,320,4.46,4,94.1
2025-03-14,Team A,Daniel,82,94.06,252,4.36,3,94.38
2025-01-27,Team D,Emma,97,94.34,325,4.58,2,96.45
2025-06-17,Team B,Mary,63,93.26,283,4.7,2,97.1
2025-06-12,Team B,John,66,93.01,334,4.49,2,98.65
2025-04-02,Team D,Sarah,94,88.81,349,4.5,4,97.1
2025-04-29,Team C,Rachel,83,98.08,251,4.63,1,94.4
2025-07-29,Team C,David,77,89.18,301,4.54,2,96.61
2025-06-03,Team B,Grace,77,89.95,385,3.66,2,94.72
2025-01-26,Team D,Ryan,111,88.85,302,4.31,6,98.28
2025-01-22,Team B,Jason,97,92.15,319,4.14,4,99.11
2025-06-09,Team B,Ryan,85,94.54,319,4.45,2,98.63
2025-11-13,Team D,Mary,81,97.9,349,4.7,1,92.71
2025-03-01,Team B,Nicole,85,87.91,317,4.3,3,96.97
2025-02-23,Team C,Sarah,77,97.84,319,4.17,1,96.09
2025-05-18,Team B,Sarah,100,100,378,4.45,1,97.6
2025-12-24,Team C,Lisa,86,92.64,364,4.16,0,96.84
2025-03-30,Team C,Jason,35,89.81,417,4.71,2,94.55
2025-05-08,Team D,Kevin,91,98.38,345,4.24,2,94.33
2025-02-17,Team B,Amy,82,91.47,348,4.16,1,96.51
2025-06-29,Team A,Nicole,87,89.39,261,4.83,2,92.92
2025-10-23,Team A,Alex,79,93.22,232,4.28,2,96.6
2025-01-27,Team D,John,77,97.25,319,4.11,1,94.08
2025-01-20,Team D,Kevin,72,91.73,356,4.06,2,95.94
2025-05-23,Team C,Grace,82,92.36,348,4.81,2,98.29
2025-10-08,Team A,Aaron,93,95.17,304,4.63,1,94.54
2025-02-21,Team A,Rachel,64,92.12,320,4.2,2,97.64
2025-05-01,Team D,John,98,97.08,330,4.48,3,99.6
2025-03-17,Team A,Mary,65,92.56,288,4.09,3,94.42
2025-06-27,Team D,Lisa,54,99.4,374,4.2,0,94.77
2025-11-19,Team D,Alex,104,93.1,309,4.34,1,96.59
2025-09-11,Team C,Lisa,83,94.58,333,4.08,4,99.22
2025-01-28,Team D,Rachel,45,91.9,212,4.71,2,93.83
2025-06-05,Team B,Mary,62,96.02,261,4.86,1,100
2025-04-23,Team B,Rachel,77,90.86,334,4.24,2,97.94
2025-07-08,Team B,Sophia,73,90.48,268,4.3,3,97.25
2025-01-27,Team C,Amy,77,89.88,283,4.83,4,97.39
2025-12-29,Team A,Daniel,89,89.57,309,4.69,3,96.46
2025-05-23,Team D,Aaron,63,90.55,238,4.42,3,95.48
2025-05-17,Team D,David,97,88.38,290,4.6,2,92.36
2025-09-20,Team D,Aaron,86,94.31,326,4.46,1,100
2025-03-09,Team C,Daniel,71,90.81,260,3.99,6,97.11
2025-11-04,Team B,Ryan,84,89.99,352,4.05,1,94.63
2025-03-31,Team C,Emma,75,92.48,330,4.56,2,95.53
2025-05-15,Team D,Grace,91,92,233,4.16,3,95.08
2025-12-16,Team D,Lisa,73,96.47,231,4.82,1,95.04
2025-01-26,Team C,Rachel,61,94.39,358,4.4,1,92.46
2025-02-14,Team B,Ryan,102,97.16,313,4.56,4,96.58
2025-12-17,Team D,Aaron,67,93.26,301,4.14,1,92.44
2025-07-19,Team A,John,79,88.74,321,4.1,4,100
2025-09-03,Team D,John,77,92.69,324,4.03,3,93.74
2025-05-09,Team D,Ryan,106,91.04,342,3.98,1,100
2025-10-09,Team D,Michael,89,91.76,305,4.25,0,95.08
2025-10-29,Team C,Jason,92,88.17,394,4.45,2,93.38
2025-05-07,Team C,Grace,54,90.22,353,4.43,1,93.98
2025-07-02,Team B,Alex,104,91.9,205,4.35,0,95.74
2025-04-18,Team D,Nicole,76,88.9,320,4.17,0,99.49
2025-09-29,Team D,Jason,106,94.31,344,4.54,1,96.47
2025-05-05,Team B,Olivia,68,93.3,309,4.44,5,94.69
2025-05-17,Team A,Amy,71,93.82,392,4.19,2,94.74
2025-08-08,Team D,Sarah,97,92.07,379,4.02,4,97.3
2025-01-27,Team D,Mary,98,91.52,268,4.77,2,96.45
2025-05-10,Team A,Sarah,77,90.27,339,4.32,4,94.6
2025-10-09,Team B,Chris,92,92.11,316,4.39,1,98.68
2025-03-29,Team B,Chris,79,92.02,385,4.82,2,97.89
2025-08-29,Team B,John,104,96.8,354,4.24,3,92.75
2025-03-29,Team C,Daniel,94,92.66,323,4.77,4,100
2025-01-20,Team C,Mary,98,93.85,320,4.83,1,94.41
2025-09-28,Team A,Amy,87,89.75,381,4.77,1,98.47
2025-01-28,Team B,Sophia,77,90.08,334,3.76,2,100
2025-02-16,Team C,Mary,73,93.65,248,4.52,3,95.24
2025-07-20,Team C,Sarah,90,90.96,234,4.23,3,93.22
2025-04-21,Team D,Daniel,65,91.18,261,4.7,2,93.54
2025-07-02,Team A,Sarah,84,93.13,331,4.18,1,96.31
2025-01-24,Team C,Ryan,70,97.78,324,4.22,1,95.46
2025-06-07,Team A,Kevin,75,94.93,323,4.43,1,94.14
2025-01-19,Team B,Michael,66,92.72,281,4.83,3,99.03
2025-07-22,Team A,Emma,83,94.59,349,4.02,1,94.25
2025-06-26,Team A,Olivia,94,92.55,339,4.66,0,95.28
2025-07-20,Team D,Sarah,59,97.11,264,4.51,2,99.41
2025-12-25,Team A,Chris,57,96.54,301,3.96,2,94.11
2025-10-01,Team A,Sophia,56,96.13,357,4.97,1,97.4
2025-04-13,Team D,Michael,73,94.47,356,4.57,2,96.71
2025-06-18,Team D,Emma,110,97.63,295,4.33,5,95.47
2025-02-08,Team B,Sophia,91,88.82,276,4.33,3,95.21
2025-06-27,Team B,Emma,96,86.91,405,4.25,1,96.53
2025-07-23,Team D,Sarah,91,85.69,348,4.59,2,96.75
2025-05-15,Team D,Jason,82,93.59,399,4.28,3,97.73
2025-06-14,Team C,Emma,65,93.02,316,3.91,5,94.37
2025-05-20,Team C,Michael,77,86.99,339,4.55,0,94.98
2025-11-21,Team B,Lisa,70,93.44,250,3.85,2,99.46
2025-08-14,Team B,John,77,94.75,323,5,1,97.96
2025-08-18,Team C,John,104,93.98,258,4.71,2,96.26
2025-08-31,Team B,Grace,109,92.32,289,4.43,2,96.49
2025-11-25,Team D,Jason,78,99.21,373,4.46,3,97.12
2025-08-10,Team D,Aaron,110,97.55,316,4.67,0,97.26
2025-04-02,Team A,Rachel,93,92.3,278,4.4,3,95.53
2025-05-06,Team D,David,69,91.37,417,4.48,2,100
2025-10-20,Team A,Rachel,73,91.7,302,4.17,2,98.25
2025-03-21,Team D,Rachel,71,87.37,276,4.61,3,93.21
2025-10-12,Team A,Mary,88,92.81,291,4.22,2,96.26
2025-04-24,Team B,Sophia,76,94.52,297,4.42,2,95.6
2025-11-05,Team B,Amy,67,91.84,272,4.77,2,97.72
2025-04-16,Team C,Emma,72,92.05,402,4.28,4,95.12
2025-10-27,Team D,Jason,74,91.75,219,4.61,1,95.75
2025-01-06,Team B,Sarah,84,88.92,348,4.55,4,95.13
2025-05-19,Team C,Aaron,107,91.95,338,4.06,2,98.76
2025-02-05,Team B,Mary,94,92.52,275,4.19,1,96.87
2025-08-07,Team C,Michael,99,97.75,257,4.51,4,97.66
2025-07-01,Team D,Grace,98,89.72,236,4.63,0,94.01
2025-09-30,Team D,Olivia,62,92.85,288,4.29,1,96.79
2025-07-27,Team A,Nicole,73,98.17,337,3.86,3,95.03
2025-02-15,Team D,Alex,95,89.68,325,5,1,95.3
2025-08-20,Team A,Ryan,76,96.2,285,4.11,3,94.26
2025-07-07,Team C,Rachel,79,92.61,246,4.28,2,92.43
2025-04-23,Team D,Sophia,101,89.42,299,4.17,0,93.08
2025-01-27,Team C,Aaron,83,94.59,214,4.26,1,96.62
2025-03-25,Team C,Sarah,119,90.7,283,4.24,1,94.23
2025-09-12,Team C,Nicole,99,88.38,368,4.44,2,95.1
2025-01-31,Team C,Kevin,106,92.72,334,4.43,2,95.78
2025-01-21,Team C,Kevin,88,92.81,224,4.39,1,98.97
2025-06-08,Team B,Nicole,108,95.22,418,4.48,2,94.29
2025-02-24,Team B,Ryan,86,96.97,294,4.55,2,95.03
2025-12-16,Team B,Amy,80,90.25,281,4,2,97.34
2025-04-05,Team A,John,65,93,284,4.47,1,96.83
2025-04-13,Team A,Jason,117,93.32,297,4.49,3,97.97
2025-01-03,Team A,Mary,87,89.26,240,4.7,1,93.92
2025-11-12,Team C,Sarah,72,96.64,372,4.9,3,98.43
2025-01-30,Team A,Rachel,112,95.06,321,3.6,2,94.26
2025-03-21,Team C,Alex,79,93.07,326,4.21,2,100
2025-10-08,Team B,Lisa,106,90.67,266,4.7,0,94.8
2025-05-01,Team D,Alex,86,97.07,317,4.67,1,93.6
2025-03-03,Team B,Grace,80,93.35,309,4.99,2,99.33
2025-10-02,Team A,Lisa,76,94.44,350,4.94,1,95.41
2025-05-26,Team D,Nicole,69,91.3,344,4.88,2,100
2025-11-18,Team C,Olivia,59,87.29,393,4.48,1,95.79
2025-02-13,Team B,Ryan,86,95.56,262,4.05,4,96.7
2025-02-27,Team B,Amy,111,93.44,281,4.29,2,93.8
2025-11-27,Team A,Alex,102,97.03,318,4.55,2,97.52
2025-07-24,Team C,Michael,85,88.05,295,4.11,1,92.42
2025-03-16,Team B,Emma,72,94.38,355,4.15,2,98.78
2025-03-03,Team A,Aaron,102,92.74,396,4.54,2,98.98
2025-12-15,Team D,Michael,112,92.31,294,4.43,1,100
2025-02-22,Team A,Daniel,65,89.93,274,4.98,3,91.92
2025-02-16,Team A,Chris,84,88.89,274,4.05,1,94.78
2025-09-13,Team C,Jason,88,85.25,276,3.95,0,94.13
2025-01-12,Team C,Olivia,72,88.23,338,4.41,0,97.42
2025-08-03,Team C,Ryan,83,95.11,334,4.4,5,93.5
2025-04-12,Team D,Grace,63,89.8,265,4.52,0,95.81
2025-02-07,Team D,Nicole,71,91.93,341,4.23,1,94.86
2025-01-10,Team A,Olivia,67,98.39,307,4.75,3,95.68
2025-07-04,Team B,Sarah,65,89.44,338,3.89,2,99.62
2025-03-03,Team B,David,110,92.26,356,4.31,5,96.26
2025-05-07,Team C,Jason,97,88.49,375,4.32,1,97.35
2025-10-27,Team C,Jason,84,93.55,313,4.54,1,94.96
2025-04-20,Team B,Kevin,71,93.48,353,4.46,1,99.41
2025-06-20,Team A,Kevin,69,89.83,323,4.52,2,92.83
2025-08-10,Team C,Chris,112,93.26,331,4.61,2,98.3
2025-01-30,Team B,John,89,92.51,308,3.52,4,98.52
2025-08-17,Team B,Michael,87,92.57,352,4.44,1,96.57
2025-06-16,Team A,David,69,94.38,357,4.3,2,96.1
2025-04-08,Team C,Mary,87,93.05,256,4.01,0,98.28
2025-01-20,Team D,Nicole,105,94.9,265,4.81,1,96.44
2025-05-10,Team B,John,81,95.48,341,4.27,2,96.32
2025-10-08,Team D,Chris,96,92.79,354,4.76,5,98.23
2025-12-07,Team B,Lisa,93,90.63,397,4.94,3,94.18
2025-02-22,Team D,Grace,96,91.02,310,4.03,2,95.69
2025-10-31,Team C,Aaron,85,93.1,352,4.07,3,94.28
2025-04-01,Team C,Michael,67,94.08,349,4.28,2,95.59
2025-06-11,Team D,Aaron,92,91.99,261,4.68,1,96.74
2025-04-16,Team D,Olivia,53,87.88,278,4.39,2,96.15
2025-02-14,Team A,Kevin,83,92.6,349,3.85,0,95.54
2025-12-03,Team C,Emma,71,90.09,296,4.66,2,97.5
2025-09-29,Team B,Emma,66,86.57,301,4.16,1,92.17
2025-08-16,Team A,Emma,74,95.39,368,4.33,2,95.7
2025-05-17,Team D,Aaron,91,92.7,365,4.55,1,95.93
2025-09-12,Team D,Lisa,100,96.7,233,4.73,1,97.93
2025-08-18,Team D,Olivia,112,95.92,283,4.65,2,93.5
2025-08-02,Team C,Olivia,73,93.39,327,4.48,3,97.76
2025-12-09,Team B,Daniel,76,92.42,356,4.04,0,98.74
2025-02-16,Team D,Grace,92,94.59,313,4.47,0,97.15
2025-12-26,Team C,Ryan,94,96.35,327,3.92,0,93.74
2025-04-21,Team B,Michael,78,90.79,317,4.06,3,93.31
2025-01-11,Team D,Lisa,114,96.03,316,4.35,1,95.25
2025-05-30,Team B,John,63,90.2,305,4.06,2,97.57
2025-06-20,Team C,Emma,65,97.11,328,4.4,5,94.79
2025-03-20,Team C,Ryan,81,93.66,276,4.1,2,97
2025-11-11,Team D,Grace,107,95.4,280,4.52,1,97.26
2025-01-08,Team B,Kevin,82,93.46,301,4.85,1,98.13
2025-01-31,Team D,Chris,74,96.27,342,4.07,0,96.16
2025-01-30,Team B,Olivia,89,90.48,316,3.78,2,96.29
2025-11-29,Team A,Ryan,101,88.62,180,4.57,2,98.82
2025-08-31,Team B,Emma,96,90.88,324,4.29,1,96.32
2025-02-28,Team B,Alex,87,93.17,373,4.28,2,94.76
2025-04-12,Team A,Chris,62,92.81,429,4.93,5,96.77
2025-07-03,Team A,Alex,78,85.59,348,4.1,0,93.71
2025-05-19,Team C,Lisa,87,89.02,261,4.34,5,96.24
2025-01-21,Team B,David,74,94.57,264,4.25,2,96.52
2025-11-04,Team B,Sophia,88,89.93,276,4.28,3,96.89
2025-08-29,Team B,Rachel,74,91.25,282,4.95,1,92.62
2025-04-14,Team C,Ryan,74,88.43,391,4.01,3,93.92
2025-07-14,Team A,Michael,69,91.47,314,4.15,3,94.55
2025-02-16,Team A,Emma,103,92.63,371,4.9,2,97.21
2025-05-18,Team D,John,74,92.77,255,4.39,2,93.12
2025-08-18,Team A,Mary,77,92.17,296,4.65,2,94.28
2025-01-04,Team C,David,65,94.84,319,4.07,1,93.94
2025-11-12,Team B,Sophia,132,100,342,4.76,0,96.19
2025-01-27,Team C,Chris,89,91.02,374,4.46,3,99.98
2025-10-23,Team B,Rachel,74,90.1,281,4.66,1,95.28
2025-06-08,Team C,Ryan,78,93.26,212,5,1,98.29
2025-08-17,Team D,Jason,67,92.09,305,4.17,2,97.75
2025-07-31,Team A,Amy,75,93.22,279,4.45,2,95.58
2025-05-20,Team C,Mary,75,88.82,287,4.76,0,96.99
2025-06-10,Team A,John,72,89.76,359,4.38,3,96.88
2025-04-17,Team B,Mary,81,91.01,370,4.94,2,94
2025-10-18,Team B,Aaron,87,97.29,281,4.73,2,97.25
2025-08-04,Team D,John,68,95.07,374,4.48,1,95.98
2025-09-13,Team D,Emma,72,94.69,278,4.32,2,96.78
2025-10-17,Team A,Aaron,90,85.82,425,4.13,2,97.39
2025-01-17,Team D,Ryan,77,92.2,351,4.46,4,99.86
2025-02-24,Team B,Kevin,69,94.13,380,4.39,1,95.63
2025-02-02,Team D,Emma,59,94.84,352,4.18,1,96.71
2025-07-16,Team C,Michael,71,95.87,348,4.65,2,97.01
2025-12-02,Team C,Kevin,80,95.13,334,4.13,4,97.03
2025-09-21,Team C,Grace,94,92.74,395,4.53,1,99.51
2025-06-09,Team A,Mary,95,93.1,346,4.88,1,99.54
2025-12-26,Team B,Michael,85,92.29,278,4.43,1,97.65
2025-08-18,Team A,Chris,65,93.02,375,4.64,0,96.54
2025-12-09,Team A,Kevin,89,92.41,257,4.28,4,98.89
2025-10-06,Team B,Nicole,79,97.79,244,4.07,2,97.92
2025-08-16,Team D,Jason,62,86.53,331,4.6,1,96.13
2025-04-21,Team A,Sophia,90,92.23,375,4.23,1,97.97
2025-04-03,Team D,Aaron,85,92.87,364,5,0,94.13
2025-07-05,Team D,Chris,87,94.76,302,4.64,2,95.87
2025-06-26,Team A,Amy,95,98.18,318,4.24,2,96.88
2025-02-19,Team A,Emma,91,89.08,192,4.57,2,94.32
2025-05-26,Team C,Grace,87,97.47,328,4.58,5,97.74
2025-04-18,Team D,Lisa,112,92.88,332,4.41,2,97.97
2025-05-20,Team D,Sarah,89,91.24,311,4.72,2,96.86
2025-02-25,Team C,Jason,38,94.18,332,4.32,0,96.3
2025-02-11,Team B,Mary,58,93.29,251,5,2,96.57
2025-10-09,Team D,Lisa,89,90.33,366,4.44,1,95.53
2025-09-30,Team A,Grace,77,89.41,351,4.29,0,93.07
2025-01-22,Team A,Kevin,56,97.1,268,4.06,1,97.29
2025-06-07,Team B,Daniel,70,96.82,325,4.32,1,92.73
2025-04-05,Team D,Kevin,78,93.2,250,4.21,3,98.48
2025-11-15,Team A,Daniel,76,93.01,417,4.7,6,97.55
2025-09-09,Team B,Aaron,87,91.3,285,4.59,3,92.1
2025-04-19,Team A,Sophia,113,94.95,265,4.21,5,97.21
2025-06-29,Team B,Emma,112,95.42,294,4.2,1,92.96
2025-12-25,Team D,Aaron,77,97.34,319,4.77,1,97.76
2025-08-19,Team C,David,86,97.05,349,4.01,1,95.08
2025-03-09,Team D,Michael,53,88.99,353,4.9,2,93.51
2025-01-02,Team C,Ryan,113,93.25,341,4.59,0,97.88
2025-06-23,Team C,Daniel,92,99.53,221,4.53,2,94.5
2025-01-29,Team C,John,86,91.66,287,4.24,3,96.02
2025-11-20,Team D,Michael,105,89.38,309,3.65,2,95.86
2025-11-05,Team A,Olivia,71,93.09,221,4.59,1,94.93
2025-09-07,Team B,Ryan,75,89.22,283,4.12,2,97.67
2025-11-18,Team C,Jason,108,91.1,332,4.29,0,95.54
2025-06-04,Team C,John,91,95.01,328,4.53,2,94.09
2025-08-22,Team B,Rachel,63,93.36,359,5,1,93.67
2025-09-10,Team B,Jason,102,93.58,251,4.61,1,94.52
2025-01-25,Team D,Ryan,75,89.53,334,4.07,2,96.12
2025-04-20,Team B,Ryan,110,94.77,216,4.26,4,95.83
2025-01-11,Team D,Daniel,70,92.73,270,4.46,3,98.47
2025-07-05,Team C,Alex,92,90.44,395,4.89,5,97.39
2025-12-04,Team C,Kevin,92,92.87,316,4.35,1,95.41
2025-08-01,Team D,Olivia,93,95.71,256,4.55,1,97.11
2025-11-10,Team B,Olivia,84,93.49,345,4.73,6,98.06
2025-10-25,Team D,Grace,79,91.99,300,4.18,1,97.7
2025-05-01,Team C,Mary,88,94.22,390,3.99,1,97.87
2025-01-09,Team A,David,96,90.26,231,4.63,3,97.35
2025-10-03,Team B,Nicole,72,89.09,319,3.79,2,94.95
2025-12-05,Team A,Aaron,85,90.53,291,4.44,4,94.55
2025-02-15,Team C,Aaron,88,93.48,348,4.32,2,98.87
2025-12-02,Team D,Sophia,51,97.3,370,4.07,1,97.15
2025-01-17,Team A,Alex,64,93.69,343,4.35,1,93.81
2025-02-28,Team D,David,96,90.86,342,4.64,1,98.07
2025-08-07,Team A,Kevin,75,92.98,333,4.83,1,94.75
2025-11-19,Team B,John,109,93.44,360,4.44,2,93.8
2025-11-25,Team C,Chris,75,94.26,347,5,2,93.65
2025-05-08,Team A,Kevin,69,92.33,289,4.37,5,98.82
2025-07-30,Team D,Lisa,77,97.16,318,4.78,0,97.47
2025-05-26,Team B,Grace,70,96.57,399,4.37,2,96.09
2025-05-29,Team D,Emma,91,97.61,282,4.9,2,98.02
2025-04-05,Team D,Amy,74,94.68,282,4.49,0,94.49
2025-05-09,Team D,Daniel,79,92.94,371,5,2,97.57
2025-08-14,Team A,David,77,95.17,336,4.33,4,96.49
2025-08-11,Team D,Daniel,96,95.73,340,4.01,0,98.82
2025-10-29,Team A,Emma,76,93.2,335,4.3,0,93.97
2025-10-03,Team A,Sophia,103,94.69,341,4.51,3,98.32
2025-03-28,Team A,Mary,88,96.52,366,4.3,3,98.2
2025-12-13,Team A,Amy,88,97.74,265,3.93,1,92.66
2025-04-05,Team A,Ryan,76,92.81,312,4.2,2,95.46
2025-10-25,Team B,Alex,92,89.98,278,4.56,0,95.08
2025-05-16,Team B,Nicole,75,92.39,293,4.77,1,97.68
2025-09-07,Team A,Grace,92,89.17,322,3.95,1,94.81
2025-09-01,Team C,Sophia,59,90.78,346,4.84,2,98.12
2025-07-07,Team B,Jason,100,95.63,343,4.28,1,98.22
2025-08-05,Team D,Sophia,86,95.14,429,4.62,1,96.61
2025-03-11,Team A,Sophia,76,96.93,385,4.37,0,93.86
2025-05-10,Team C,Kevin,95,94.04,293,3.96,2,94.11
2025-07-05,Team A,Sophia,89,91.43,330,4.82,1,93.94
2025-04-07,Team C,Daniel,74,95.31,250,4.47,4,97.18
2025-08-27,Team A,Kevin,101,96.28,302,4.6,2,96.15
2025-06-23,Team C,Jason,98,93.1,319,4.3,2,94.93
2025-05-04,Team A,Jason,72,92.32,351,4.31,4,94.4
2025-03-07,Team B,Grace,100,92.79,350,4.52,4,94.29
2025-11-11,Team D,Olivia,103,92.98,273,4.43,2,95.07
2025-06-21,Team C,Aaron,94,91.95,362,3.84,1,100
2025-06-25,Team A,Alex,107,87.27,269,3.98,2,98.62
2025-08-07,Team C,Alex,101,93.28,249,4.83,1,95.49
2025-08-04,Team C,Rachel,85,93.11,308,4.59,0,99.13
2025-02-13,Team D,John,76,87.28,324,4.29,0,93.3
2025-03-07,Team C,Chris,55,92.44,402,4.69,2,98.49
2025-04-14,Team C,Daniel,68,91.11,388,4.4,1,93.58
2025-03-02,Team A,Chris,101,94.17,337,4.4,2,97.59
2025-01-20,Team C,Grace,95,91.68,313,4.23,3,92.98
2025-12-05,Team D,Olivia,78,92.93,315,4.42,3,94.77
2025-09-20,Team B,Sarah,90,88.8,299,4.64,4,92.6
2025-07-01,Team B,Rachel,106,93.91,327,3.91,1,97.61
2025-07-27,Team D,Daniel,53,92.33,332,4.48,2,94.58
2025-05-29,Team C,Alex,59,92.14,297,4.21,4,95.89
2025-11-15,Team C,Ryan,91,97.18,326,4.63,3,98.91
2025-02-08,Team A,Olivia,85,95.98,288,4.57,3,97.45
2025-01-28,Team C,Olivia,92,91.28,306,4.72,3,94.53
2025-09-20,Team C,Rachel,67,97.16,317,4.29,1,93.11
2025-11-07,Team C,Lisa,82,90.61,328,4.56,3,93.37
2025-12-28,Team C,David,79,93.92,273,4.6,2,95.33
2025-09-17,Team B,David,65,95.35,337,4.42,3,93.9
2025-06-16,Team B,Olivia,69,94.46,331,4.3,3,94.4
2025-09-09,Team D,Sarah,74,92.7,339,4.1,2,97.17
2025-03-30,Team A,Kevin,84,91.25,348,4.28,3,99.54
2025-07-25,Team A,Mary,72,93.15,272,3.72,1,94.46
2025-03-31,Team A,John,73,95.45,256,3.84,1,95.31
2025-09-26,Team B,Chris,75,94.92,302,4.03,2,95.46
2025-03-03,Team B,Daniel,71,92.23,271,4.39,3,97.16
2025-05-14,Team A,Rachel,76,95.29,363,4.08,4,94.63
2025-05-12,Team B,Chris,59,90.16,331,4.52,1,97.69
2025-01-19,Team C,Rachel,95,96.28,208,4.49,0,97.63
2025-08-03,Team B,Aaron,87,92.04,357,4.76,3,100
2025-01-25,Team D,David,86,90.14,315,4.39,2,98.05
2025-03-10,Team C,Daniel,88,95.09,268,3.97,4,96.65
2025-07-30,Team A,Nicole,93,95.88,293,4.79,3,94.25
2025-01-15,Team A,John,104,96.83,392,4.39,3,99.27
2025-07-28,Team B,Kevin,69,92.66,325,4.4,0,95.1
2025-08-01,Team A,Sarah,89,92.48,297,4.34,0,95.56
2025-09-16,Team C,Ryan,57,89.41,272,4.06,1,100
2025-12-23,Team D,John,100,90.77,319,4.27,2,93.58
2025-12-06,Team B,Mary,92,91.39,329,4.08,1,93.05
2025-03-09,Team B,John,92,90.25,362,4.42,2,98.49
2025-05-25,Team C,Sarah,100,88.6,395,4.21,2,96.5
2025-07-10,Team D,Amy,65,92.35,304,4.09,0,93.72
2025-03-22,Team D,Nicole,80,91.62,345,3.6,1,98.45
2025-03-05,Team D,David,103,89.1,288,4.36,1,98.58
2025-09-04,Team C,Daniel,93,92.52,254,4.71,2,95.68
2025-05-03,Team D,Olivia,76,93.25,284,4.62,1,94.2
2025-03-05,Team A,Alex,97,99.11,352,4.37,0,93.6
2025-10-01,Team D,Rachel,74,97.23,347,4.71,4,99.52
2025-05-01,Team D,Olivia,103,87.6,336,4.77,2,92.84
2025-07-07,Team D,Lisa,81,95.44,407,4.56,2,98.99
2025-09-29,Team D,Alex,97,95.01,295,4.37,4,97.15
2025-12-17,Team D,Aaron,94,96.21,364,4.34,4,94.35
2025-07-22,Team A,Amy,110,93.82,300,4.51,4,98.51
2025-11-14,Team A,Nicole,89,90.05,277,5,2,91.62
2025-10-18,Team C,Alex,96,96.49,331,4.01,3,92.45
2025-05-24,Team A,Michael,99,97.2,253,4.44,0,93.53
2025-04-07,Team B,Sarah,84,87.82,287,4.18,2,100
2025-04-06,Team D,Sophia,63,88.02,271,4.4,0,95.1
2025-07-18,Team C,Amy,83,88.24,226,4.74,1,95.8
2025-01-02,Team B,Olivia,70,89.54,249,5,2,98.19
2025-10-10,Team A,Chris,109,91.09,349,4.64,4,96.88
2025-08-16,Team B,Sarah,74,95.57,316,4.37,2,97.04
2025-09-29,Team C,John,88,93.06,200,4.86,2,96.32
2025-12-22,Team A,Olivia,103,94.51,267,4.53,2,95.57
2025-07-09,Team D,Lisa,94,90.11,358,3.96,1,93.05
2025-02-20,Team A,Aaron,75,91.04,308,4.28,3,96.92
2025-10-29,Team C,Mary,88,94.63,251,5,2,96.58
2025-05-14,Team A,Amy,87,91.46,338,4.43,1,97.51
2025-01-01,Team B,Ryan,82,96.11,377,4.31,4,92
2025-01-09,Team B,Mary,75,94.28,383,3.98,1,96.07
2025-01-28,Team C,Jason,84,93.59,285,4.77,2,94.29
2025-02-28,Team A,Aaron,84,99.78,323,4.17,0,97.08
2025-11-11,Team A,Amy,85,91.26,394,4.18,4,100
2025-12-16,Team C,Grace,107,97.49,292,4.12,3,94.08
2025-11-12,Team D,Chris,81,90.78,299,4.31,2,89.86
2025-01-12,Team C,John,90,93.7,346,4.26,0,96.68
2025-09-02,Team B,Nicole,62,95.36,366,4.31,1,94.56
2025-07-24,Team C,Daniel,104,89.71,278,4.39,1,96.18
2025-03-05,Team B,Aaron,54,84.43,367,4.46,3,97.09
2025-07-11,Team C,Jason,72,90.69,318,3.92,1,96.53
2025-12-06,Team D,Nicole,97,94.91,329,4.11,2,94.4
2025-01-28,Team C,Ryan,92,90.22,365,4.25,3,96.75
2025-08-14,Team D,Emma,97,97.33,376,4.62,3,94.85
2025-11-03,Team A,Ryan,93,98.46,205,4.76,2,98.74
2025-04-28,Team B,Nicole,90,95.24,308,4.5,1,94.99
2025-08-17,Team C,Nicole,99,94.32,364,3.98,2,94.08
2025-07-31,Team C,Jason,69,91.25,331,4.61,1,96.44
2025-08-19,Team B,Kevin,77,89.96,242,4.89,0,95.7
2025-07-08,Team D,Kevin,91,94.57,341,4.36,3,94.12
2025-12-23,Team D,Sarah,75,97.91,270,4.26,4,97.87
2025-08-13,Team D,Aaron,87,94.59,480,4.5,2,96.47
2025-05-08,Team D,Grace,103,92.51,288,4.28,2,94.63
2025-05-06,Team B,Emma,89,93.45,400,4.16,0,92.69
2025-05-17,Team C,Sarah,55,92.83,284,4.12,3,94.85
2025-08-16,Team D,Ryan,95,96.28,306,4.63,1,95.55
2025-12-07,Team A,John,87,93.77,353,4.54,2,96.25
2025-05-13,Team B,Chris,86,96.18,305,4.38,2,97.53
2025-05-20,Team D,Daniel,80,91.33,310,4.37,1,96.81
2025-11-23,Team B,Ryan,93,100,192,4.38,3,98.63
2025-07-29,Team A,Rachel,66,90.1,274,4.4,2,94.6
2025-05-10,Team A,Alex,90,95.07,311,4.29,2,95.08
2025-01-04,Team C,Lisa,103,89.45,346,4.53,1,96.57
2025-02-20,Team B,Ryan,82,87.96,365,4.81,2,91.02
2025-04-06,Team A,Jason,112,96.68,344,4.21,3,97.08
2025-07-23,Team B,Chris,102,92.18,239,3.42,1,93.6
2025-09-04,Team D,John,101,87.76,321,4.23,2,94.45
2025-04-14,Team D,Sophia,63,99.68,383,4.25,1,93.36
2025-04-04,Team D,Daniel,92,93.52,274,4.22,4,96.61
2025-08-09,Team C,Nicole,68,95,376,4.2,2,95.67
2025-06-23,Team D,Rachel,76,97.34,313,4.05,3,94.29
2025-02-04,Team A,Ryan,71,92.89,328,4.65,2,95.25
2025-10-25,Team C,Ryan,68,96.05,350,4.22,2,97.72
2025-12-08,Team C,Daniel,93,96.04,296,4.33,2,92.85
2025-05-30,Team D,Alex,55,93.06,300,4.33,1,92.65
2025-03-01,Team C,Sarah,85,91.54,227,4.78,4,95.8
2025-09-12,Team D,Jason,95,96.02,282,4.49,6,100
2025-02-14,Team D,Mary,76,93.82,436,4.69,1,93.27
2025-03-02,Team B,Rachel,86,94.72,392,4.34,1,92.27
2025-08-16,Team A,Olivia,80,94.22,403,4.96,2,97.1
2025-02-08,Team D,Mary,70,89.98,303,4.02,1,97.38
2025-04-10,Team D,Rachel,85,93.27,203,4.33,2,96.42
2025-06-02,Team C,Daniel,97,97.06,322,4.69,2,94.53
2025-01-16,Team B,Kevin,67,90.54,382,4.86,1,93.64
2025-10-11,Team D,Alex,57,89.08,360,4.31,0,96.14
2025-12-04,Team C,Kevin,94,90.41,204,3.88,2,95.54
2025-10-12,Team C,Lisa,95,87.18,346,4.7,1,98.14
2025-04-08,Team A,Rachel,81,96.4,235,3.96,3,95.79
2025-07-09,Team C,Olivia,113,93.24,269,4.37,1,96.3
2025-10-26,Team D,Chris,80,94.74,376,4.2,2,95.42
2025-04-11,Team B,Alex,104,92.78,327,4.45,3,98.33
2025-03-18,Team B,Lisa,69,87.16,319,4.59,4,96.63
2025-09-22,Team A,Sarah,98,95.24,366,4.63,6,98.2
2025-10-06,Team D,Rachel,123,100,341,4.46,2,95.77
2025-07-06,Team B,Mary,101,88.85,390,4.94,1,96.4
2025-07-22,Team D,John,58,94.46,288,4.42,0,98
2025-03-13,Team D,Ryan,85,88.61,341,4.34,1,95.84
2025-06-28,Team C,Jason,88,91.08,282,4.31,5,98.9
2025-03-09,Team A,Amy,79,95.7,258,4.57,2,91.94
2025-05-30,Team C,Amy,78,95.88,375,4.52,2,96.36
2025-12-08,Team A,Sarah,106,88.32,307,4.31,1,94.86
2025-06-05,Team C,Mary,86,99.24,317,4.4,6,93.63
2025-08-11,Team C,Kevin,68,91.66,201,4.26,1,93.92
2025-05-21,Team D,Olivia,81,93.88,326,4.41,5,94.7
2025-04-18,Team D,Mary,83,95.97,314,4.42,5,95.78
2025-10-11,Team B,Daniel,65,91.27,302,4.16,3,96.38
2025-02-07,Team B,Emma,111,93.26,321,3.92,2,99.38
2025-04-18,Team C,Sophia,120,96.01,263,5,0,98.22
2025-12-20,Team B,Olivia,78,94.63,348,4.81,4,98.74
2025-12-09,Team A,Daniel,84,93.98,392,4.25,2,95.32
2025-10-20,Team A,Chris,80,93.04,287,4.58,1,94.43
2025-04-25,Team C,Mary,71,87.94,263,4.61,6,98.56
2025-11-17,Team D,Sarah,87,94.26,324,4.14,1,96.81
2025-06-08,Team B,Aaron,78,91.84,363,4.52,2,95.76
2025-05-11,Team B,Lisa,94,91.32,408,4.42,2,94.36
2025-06-22,Team B,John,107,89.1,254,4.48,2,93.97
2025-06-20,Team D,Grace,72,88.71,265,3.95,1,94.95
2025-09-23,Team B,Aaron,63,95.72,299,4.7,2,98.58
2025-08-16,Team A,Aaron,74,86.58,313,4.22,0,98.16
2025-04-19,Team A,Mary,96,99.38,365,4.57,1,96.21
2025-06-04,Team B,Sophia,93,97.18,392,4.13,1,96.91
2025-02-12,Team B,Amy,104,94.81,303,5,3,97.13
2025-09-25,Team D,John,81,91.65,305,4.51,0,96.28
2025-10-19,Team D,Michael,70,99.57,409,4.74,1,98.25
2025-04-12,Team D,Rachel,97,92.86,283,4.39,1,95.69
2025-07-17,Team A,Daniel,72,93.98,284,4.88,1,92.6
2025-03-05,Team D,Emma,68,95.63,405,4.46,2,98.21
2025-02-12,Team C,Mary,89,93.05,318,4.15,0,93.29
2025-12-12,Team A,Mary,77,91.52,241,4.55,2,98.68
2025-08-30,Team A,Aaron,98,91.46,274,4.3,1,97.98
2025-06-17,Team D,Olivia,73,93.37,262,4.6,0,95.41
2025-03-26,Team B,Daniel,74,89.61,326,4.13,3,93.69
2025-01-26,Team D,David,124,91.39,287,4.54,5,99.59
2025-05-18,Team B,Sophia,73,93.9,389,4.26,5,96.8
2025-06-23,Team D,Emma,117,91.29,300,4.41,6,95.23
2025-10-09,Team D,Grace,85,91.42,264,4.63,1,95.62
2025-05-09,Team A,Jason,82,87,295,4.67,1,95.15
2025-12-26,Team D,Alex,74,86.31,343,4.91,5,96.59
2025-08-29,Team B,Mary,97,93.82,262,4.2,2,99.42
2025-03-16,Team B,Rachel,71,93.05,299,4.22,1,95.23
2025-01-03,Team B,Lisa,72,90.12,315,3.95,2,95.62
2025-10-25,Team C,Michael,75,90.78,340,3.98,2,96.1
2025-08-13,Team C,Mary,54,92.77,211,4.43,4,99.73
2025-06-08,Team B,Jason,111,96.35,333,4.51,3,94.76
2025-03-24,Team B,Mary,109,94.25,321,4.15,3,91.62
2025-02-14,Team A,Kevin,95,89.85,334,4.56,4,96.24
2025-01-25,Team C,Mary,79,94.52,281,3.78,2,96.14
2025-08-10,Team C,Emma,102,94.65,325,4.45,3,95.5
2025-08-06,Team A,Ryan,91,91.72,291,4.73,3,95.1
2025-04-26,Team C,Daniel,91,95.67,369,4.07,5,97.89
2025-06-25,Team A,Sophia,76,94.24,439,4.94,2,94.67
2025-04-10,Team D,Olivia,93,94.6,310,4.92,2,95.37
2025-01-20,Team B,Rachel,87,90.29,357,4.64,1,96.97
2025-05-30,Team D,David,78,96.47,288,4.16,3,96.89
2025-07-17,Team A,Olivia,102,92.98,321,4.14,2,94.44
2025-07-15,Team D,Olivia,93,89.4,402,4.71,1,100
2025-08-05,Team A,Michael,78,93.92,382,4.44,2,93.68
2025-08-24,Team D,Sophia,73,94.46,273,4.36,2,96.96
2025-06-27,Team D,Grace,74,91.72,299,4.16,1,98.7
2025-10-14,Team D,Olivia,67,92.63,297,4.03,2,94.51
2025-02-08,Team A,John,85,92.38,420,4.96,5,98.42
2025-07-30,Team B,Daniel,56,91.71,377,4.39,0,93.67
2025-01-25,Team D,Sarah,80,91.14,419,4.87,2,98.56
2025-08-07,Team D,Ryan,31,94.59,422,4.94,3,94.4
2025-06-08,Team A,Aaron,63,93.05,315,4.62,1,95.68
2025-05-10,Team C,Michael,69,92.75,314,4.03,1,99.5
2025-07-06,Team A,Michael,58,93.02,297,4.37,0,96.33
2025-08-02,Team A,Daniel,72,95.99,343,4.09,1,96.83
2025-02-26,Team A,Mary,88,93.25,365,4.35,1,94.16
2025-06-15,Team C,Alex,106,91.85,316,4.6,3,92.37
2025-12-14,Team C,Amy,80,97.68,325,4.38,4,95.62
2025-12-07,Team B,Rachel,93,89.31,259,4.25,4,97.01
2025-02-25,Team D,Lisa,79,93.54,323,4.36,4,98.36
2025-05-16,Team C,Sophia,99,96.16,398,4.34,3,96.68
2025-01-10,Team B,Jason,88,92.7,407,4.44,2,94.74
2025-08-11,Team A,Lisa,88,92.56,359,4.42,2,98.33
2025-04-05,Team C,Lisa,99,89.73,245,4.2,2,95.63
2025-10-07,Team A,Grace,81,90.35,355,4.27,4,93.69
2025-09-23,Team C,Ryan,50,85.32,386,4.54,1,94.3
2025-03-02,Team D,Aaron,87,90.05,249,5,2,96.05
2025-10-28,Team D,Nicole,98,93.02,262,4.38,2,94.03
2025-02-12,Team A,Lisa,88,95.54,327,4.74,4,96.04
2025-07-14,Team D,Daniel,79,91.9,338,4.6,1,92.89
2025-10-30,Team C,Mary,74,87.02,376,4.42,6,95.73
2025-12-18,Team A,David,89,93.33,333,4.27,1,98.86
2025-11-05,Team A,Jason,71,95.01,283,4.12,4,96.39
2025-10-28,Team D,Amy,74,96.9,343,3.94,4,96.78
2025-12-20,Team B,Amy,112,94.09,413,4.45,2,94.15
2025-06-13,Team C,Rachel,78,96.67,447,4.28,2,93.5
2025-05-02,Team B,Alex,90,90.92,259,4.97,2,96.13
2025-08-15,Team A,Rachel,103,94.83,297,4.23,2,97.71
2025-08-23,Team B,Rachel,84,86.96,356,4.64,3,94.46
2025-09-10,Team A,Sarah,59,95.17,243,4.39,1,95.62
2025-10-19,Team C,John,81,92.81,321,4.82,1,96.94
2025-01-30,Team B,Alex,85,87.94,314,4.07,1,97.21
2025-03-04,Team C,Lisa,74,95.35,299,4.69,2,95.16
2025-11-11,Team A,Aaron,99,96.93,286,4.28,3,95.23
2025-11-11,Team B,Sarah,74,92.3,302,4.26,1,96.78
2025-04-15,Team D,John,98,95.82,315,4.38,4,96.72
2025-02-15,Team C,Sarah,78,88.67,304,4.56,2,94.56
2025-02-21,Team B,Alex,72,88.42,254,4.4,2,93.86
2025-12-07,Team C,Aaron,92,96.59,301,4.22,1,95.17
2025-11-20,Team B,Amy,77,96.05,315,4.03,1,95.5
2025-05-24,Team C,Olivia,58,94.39,303,4.49,2,95.94
2025-07-08,Team B,Emma,98,96.93,221,4.1,0,98.38
2025-01-12,Team A,Daniel,60,90.16,390,4.82,3,93.34
2025-05-07,Team C,Sarah,104,100,319,4.16,4,93.67
2025-01-11,Team C,Nicole,82,92.09,287,5,0,94.95
2025-08-30,Team D,Jason,76,88.66,349,3.95,5,93.63
2025-07-18,Team D,Jason,112,89.39,409,4.91,1,96.07
2025-01-18,Team C,Nicole,96,93.65,271,4.37,0,97.92
2025-05-19,Team A,Olivia,72,87.15,282,4.31,0,94.56
2025-07-04,Team C,Olivia,61,91.39,301,4.58,2,96.11
2025-03-31,Team A,Alex,79,92.06,286,4.08,2,97.22
2025-02-11,Team D,Emma,99,97.17,255,3.95,3,98.96
2025-02-01,Team D,Sarah,81,90.15,265,3.93,1,92.71
2025-04-30,Team D,Chris,67,93.72,298,4.67,2,91.82
2025-04-14,Team A,Grace,101,89.96,385,3.95,2,95.26
2025-04-17,Team A,Kevin,77,91.54,314,4.44,1,95.53
2025-10-04,Team B,Sarah,90,94.42,365,4.09,2,95.47
2025-11-24,Team A,Kevin,98,97.92,231,4.41,4,97.44
2025-07-31,Team D,Sarah,78,92.48,310,4.08,0,94.35
2025-08-08,Team B,Alex,62,92.98,363,3.84,1,94.72
2025-06-16,Team A,Nicole,47,97.18,302,4.16,1,96.66
2025-04-22,Team D,Amy,107,96.51,327,4.34,3,93.4
2025-05-26,Team B,Olivia,85,96.62,312,4.54,2,97.42
2025-04-15,Team B,Michael,102,91.89,314,4.54,1,98.81
2025-09-22,Team D,Mary,84,93.48,318,4.44,3,94.6
2025-04-30,Team B,Sophia,73,91.65,264,3.96,6,93.51
2025-12-12,Team C,Alex,70,91.71,266,4.15,3,95.11
2025-10-02,Team C,Grace,69,91.89,400,4.91,6,94.26
2025-05-20,Team B,Mary,77,95.81,306,4.18,0,98.38
2025-02-20,Team C,Olivia,81,94.9,263,4.53,5,92.44
2025-11-23,Team D,Sophia,72,92.12,218,4.58,1,96.63
2025-12-31,Team A,Sophia,65,90.93,355,4.14,2,92.4
2025-06-17,Team C,Emma,91,87.3,307,4.48,1,96.59
2025-05-28,Team B,Emma,76,89.12,283,4.96,0,93.4
2025-01-15,Team A,Sophia,92,86.22,310,4.08,0,92.08
2025-09-15,Team B,David,91,91.43,295,4.32,1,93.62
2025-04-19,Team A,David,68,96.31,341,4.94,3,100
2025-05-19,Team A,Nicole,61,90.82,397,3.9,2,96.39
2025-11-12,Team D,John,110,93.96,382,4.32,4,94.7
2025-09-28,Team B,David,75,95.01,355,4.4,2,96.45
2025-12-06,Team C,Sarah,69,95.87,233,4.27,2,96.63
2025-03-20,Team D,Daniel,107,85.34,292,4.46,5,94.8
2025-05-30,Team D,Chris,96,88.63,371,4.27,1,93.26
2025-01-22,Team C,Sophia,70,90.89,302,4.38,1,95.29
2025-01-13,Team A,Jason,81,92.05,297,5,1,93.84
2025-09-01,Team B,Sophia,91,92.81,418,4.29,1,96.4
2025-07-21,Team D,Amy,75,94.44,349,5,0,95.67
2025-07-28,Team D,Grace,79,94.82,283,4.16,2,97.64
2025-04-23,Team B,Sophia,89,99.29,287,4.48,1,96.73
2025-09-18,Team D,David,73,96.22,276,4.59,4,94.46
2025-11-04,Team C,Jason,94,97.21,261,4.93,4,100
2025-11-19,Team A,John,83,99.92,384,4.37,0,94.15
2025-07-11,Team D,Sarah,53,94.25,304,4.58,3,99.14
2025-04-18,Team D,David,88,93.95,251,4.89,2,97.42
2025-03-08,Team B,John,79,89.47,256,4.71,4,98.13
2025-05-24,Team D,Rachel,107,96.19,245,4.66,4,99.95
2025-05-30,Team B,Ryan,89,92.19,304,4.5,3,97.86
2025-08-01,Team D,Olivia,68,89.33,410,4.03,1,99.54
2025-08-07,Team B,Emma,65,92.62,318,4.19,1,95.17
2025-01-16,Team D,Sarah,97,90.86,312,4,9,93.78
2025-10-25,Team D,Amy,49,93.87,312,4.71,2,94.49
2025-10-01,Team D,Rachel,115,94.3,391,3.39,4,94.51
2025-11-18,Team A,John,89,91.65,325,4.17,4,96.42
2025-03-04,Team C,Aaron,66,92.26,282,4.61,1,97.5
2025-08-24,Team B,Alex,112,98.79,202,4.17,2,94.88
2025-04-30,Team A,David,86,99.69,274,4.28,3,96.69
2025-10-07,Team C,Emma,91,89.28,294,4.02,5,94.65
2025-04-16,Team A,Mary,90,91.29,302,4.58,0,97.7
2025-01-08,Team C,Chris,65,91.71,431,4.92,1,95.79
2025-05-26,Team A,Alex,88,89.85,371,4.01,0,95.71
2025-11-08,Team B,John,105,98.38,311,4.43,1,98.76
2025-02-06,Team B,Mary,81,88.44,234,4.52,1,96.44
2025-11-15,Team D,David,84,96.66,348,4.63,1,95.22
2025-02-13,Team A,Jason,116,94.76,272,4.11,4,96.81
2025-01-27,Team D,Amy,93,96.82,309,4.13,3,93.86
2025-12-26,Team B,Chris,66,97.53,326,4.37,2,97.45
2025-01-30,Team D,Michael,92,93.94,274,4.19,1,97.44
2025-10-24,Team D,Chris,80,88.44,356,4.46,0,94.66
2025-08-31,Team B,Daniel,74,93.9,362,4.56,2,95.22
2025-02-25,Team C,Ryan,102,88.8,281,3.89,1,95.49
2025-01-24,Team A,Grace,56,97.21,403,4.94,3,98.18
2025-04-12,Team A,Mary,108,92.62,253,4.17,0,98.19
2025-06-25,Team B,Aaron,93,94.92,383,4.39,3,98.47
2025-04-13,Team B,Mary,91,99.47,261,4.25,1,96.25
2025-04-30,Team D,Sarah,90,94.15,375,4.54,2,95.01
2025-11-01,Team B,Kevin,128,94.38,322,4.35,1,95.84
2025-09-14,Team A,Mary,83,91.19,280,4.22,2,95.12
2025-07-12,Team C,Jason,82,88.6,371,4.48,3,97.44
2025-08-16,Team B,Sophia,88,95.23,333,4.38,1,93.74
2025-05-01,Team D,Amy,110,89.3,364,3.96,1,100
2025-06-01,Team B,David,99,90.58,321,4.09,1,100
2025-07-04,Team A,Lisa,109,92.69,350,4.38,1,97.73
2025-11-02,Team A,Lisa,88,93.39,321,4.25,2,95.68
2025-06-10,Team B,Sarah,79,94.34,332,5,1,95.16
2025-09-03,Team B,Sarah,86,94.82,373,4.54,2,92.19
2025-05-18,Team B,Jason,83,89.72,320,4.09,4,96.21
2025-09-19,Team D,Chris,83,93.25,268,4.75,4,100
2025-05-25,Team B,John,79,87.05,367,4.46,3,95.11
2025-01-10,Team A,Grace,105,94.57,292,4.64,0,95.68
2025-10-03,Team A,Daniel,93,94.63,297,4.47,1,98.52
2025-10-07,Team C,Rachel,64,88.48,352,4.31,2,96.42
2025-07-26,Team C,Emma,108,98.71,242,4.35,2,98.19
2025-09-20,Team D,Sophia,86,94.56,315,4.46,5,94.37
2025-05-25,Team B,Jason,63,91.68,313,4.46,3,98.05
2025-09-28,Team A,Olivia,83,94.36,319,4.57,2,96.86
2025-03-03,Team B,Grace,76,97.56,290,4.63,3,95.12
2025-06-09,Team A,Michael,74,91.73,330,5,3,91.49
2025-02-05,Team C,Michael,100,91.65,325,4.11,2,97.87
2025-10-22,Team B,Alex,67,93.33,259,4.56,0,93.69
2025-03-04,Team D,Daniel,110,94.44,347,4.85,1,95.53
2025-07-14,Team C,Chris,96,93.37,436,3.85,5,93.72
2025-12-09,Team C,Nicole,86,93.26,222,4.75,1,96.13
2025-10-09,Team B,Grace,87,91.07,358,4.35,4,97.1
2025-08-17,Team A,Nicole,58,89.8,334,4.26,3,96.5
2025-09-30,Team A,Kevin,98,90.82,393,4.33,1,94.31
2025-10-10,Team B,Mary,67,92.42,357,4.41,1,94.97
2025-02-22,Team A,Daniel,94,90.31,293,4.4,2,92.52
2025-02-20,Team A,Sarah,70,89.43,308,4.2,2,97.84
2025-08-19,Team D,Emma,63,92.2,297,4.56,1,96.22
2025-05-30,Team C,Lisa,109,92.46,282,4.23,0,97.57
2025-10-24,Team B,Rachel,84,91.33,327,3.68,1,96.28
2025-04-16,Team B,Jason,96,91.1,283,4.59,2,93.47
2025-02-14,Team A,Kevin,80,90.28,243,4.59,4,98.23
2025-08-04,Team C,Chris,91,91.57,218,4.58,3,96.29
2025-07-17,Team D,Lisa,75,98.63,265,3.85,0,99.39
2025-04-27,Team C,Alex,79,91.54,241,4.47,0,92.83
2025-07-10,Team A,Jason,74,91.47,301,4.47,1,95.44
2025-08-25,Team D,Emma,87,89.26,359,4.43,0,92.65
2025-04-16,Team C,David,72,89.35,281,4.91,3,97.32
2025-10-05,Team C,Alex,94,93.45,313,4.4,2,94.69
2025-01-15,Team A,Chris,70,96.37,342,4.64,3,92.22
2025-08-07,Team D,Alex,104,89.98,284,4.7,0,98.02
2025-06-15,Team A,Rachel,98,99.41,332,4.86,2,96.46
2025-01-05,Team B,Ryan,82,92.56,361,4.4,3,96.83
2025-09-21,Team C,Amy,79,93.69,339,4.62,1,92.89
2025-11-16,Team C,Ryan,87,90.2,346,4.01,1,98.23
2025-11-20,Team D,Amy,87,94.64,303,4.71,1,95.29
2025-05-20,Team A,Daniel,87,93.19,382,3.96,3,98.79
2025-03-12,Team A,Mary,102,94.52,397,4.2,1,95.56
2025-01-24,Team D,Mary,80,92.53,268,4.09,1,94.29
2025-05-06,Team A,Rachel,82,96.3,241,4.67,1,92.78
2025-01-30,Team A,John,89,95.25,273,4.7,2,94.8
2025-06-25,Team A,Lisa,111,91.17,246,3.79,4,96.1
2025-09-23,Team B,Aaron,87,93.11,320,4.23,0,96.66
2025-05-10,Team A,John,69,92.45,286,4.57,6,96.03
2025-02-21,Team D,Michael,70,92.48,331,4.05,0,94.74
2025-04-29,Team C,Sophia,74,93.19,308,4.25,0,97.79
2025-08-19,Team B,Mary,98,94.48,389,3.89,2,96.42
2025-09-29,Team B,Michael,112,88.64,271,4.42,2,93.55
2025-02-02,Team C,Sarah,87,89.99,269,4.29,1,97.85
2025-07-18,Team A,Amy,79,95.04,334,4.25,3,95.32
2025-12-22,Team D,John,90,93.3,195,4.14,5,97.11
2025-01-27,Team D,Sophia,64,89.23,319,4.65,2,92.62
2025-03-07,Team A,Lisa,115,91.2,383,4.22,4,95.45
2025-04-26,Team C,Mary,78,93.96,436,4.34,4,97.92
2025-09-24,Team B,Emma,87,98.9,260,4.11,3,92.13
2025-03-16,Team A,Jason,88,92.76,220,4.76,4,96.23
2025-04-20,Team B,Olivia,101,97.26,385,3.97,1,94.1
2025-08-06,Team C,Amy,75,98.5,391,3.85,1,93.44
2025-08-15,Team C,Sophia,65,94.7,414,4.04,2,97.34
2025-07-11,Team D,Mary,81,92.83,326,3.72,2,94.25
2025-06-12,Team A,Emma,86,93.64,284,4.71,0,94.51
2025-03-11,Team C,Emma,61,91.18,360,4.3,1,98.47
2025-06-29,Team D,Alex,71,91.64,353,4.36,0,96.52
2025-01-17,Team D,Ryan,76,95.01,303,4.42,3,94.85
2025-08-14,Team A,Michael,113,90.51,281,4.46,4,95.11
2025-07-15,Team C,Ryan,92,94.01,355,4.47,1,93.63
2025-07-18,Team A,Nicole,76,89.21,361,3.93,2,99.33
2025-04-01,Team C,Sarah,91,90.3,326,4.3,1,98.2
2025-03-08,Team A,Michael,97,89.8,296,4.02,1,93.88
2025-07-16,Team D,Olivia,65,90.11,278,4.16,2,95.99
2025-09-19,Team B,Olivia,91,88.49,316,4.85,1,92.55
2025-11-21,Team D,Emma,101,93.14,316,4.19,2,93.19
2025-12-01,Team A,Michael,94,95.15,286,4.26,3,92.91
2025-09-30,Team D,Kevin,98,95.67,265,4.75,2,95.37
2025-01-03,Team D,David,69,97.18,347,4.58,2,93.06
2025-09-10,Team C,Aaron,93,95.77,406,4.12,2,96.37
2025-07-03,Team C,Alex,107,92.59,291,3.8,3,97.89
2025-02-02,Team A,Sophia,92,96.5,358,4.59,2,98.34
2025-08-09,Team B,Jason,71,96.58,387,4.72,2,97.6
2025-01-15,Team D,John,75,90.6,345,4.25,4,95.71
2025-05-26,Team A,Amy,49,93.72,358,3.99,2,94.04
2025-03-10,Team D,Daniel,88,92.07,322,3.78,1,96.06
2025-06-29,Team A,Olivia,78,91.91,272,4.92,2,95.64
2025-01-19,Team B,Sophia,98,90.34,350,4.02,1,95.4
2025-02-12,Team C,Grace,59,96.72,344,4.09,1,95.66
2025-02-23,Team C,Sophia,87,87.56,348,3.93,1,95.59
2025-04-22,Team C,Jason,115,93.36,278,4.38,0,94.21
2025-12-19,Team A,Mary,78,90.78,318,4.48,0,98.46
2025-10-26,Team A,Rachel,57,89.69,275,4.29,1,96.71
2025-09-17,Team D,Alex,84,91.83,343,4.64,5,98.99
2025-06-23,Team B,Mary,95,94.41,288,4.37,1,98.17
2025-07-02,Team A,Jason,59,94.36,397,3.89,3,95.85
2025-09-27,Team D,Mary,103,93.88,222,4.44,0,97.53
2025-04-08,Team D,Olivia,79,92.31,302,4.13,2,94.36
2025-05-02,Team B,Sarah,90,96.16,371,4.1,3,95.59
2025-06-22,Team D,Sarah,92,96.98,352,4.11,3,95.86
2025-08-01,Team A,Sophia,58,90.17,294,4.55,1,94.63
2025-10-26,Team C,Rachel,77,95.28,319,4.23,1,93.56
2025-05-29,Team D,Nicole,85,95.26,182,4.45,4,95.45
2025-01-08,Team B,Olivia,83,96.89,323,4.44,1,98.27
2025-09-12,Team B,David,83,91.05,328,4.53,3,99.35
2025-02-28,Team B,Alex,86,97.47,344,4.46,1,92.65
2025-07-22,Team D,Kevin,68,92.51,273,4.66,1,94.15
2025-01-27,Team C,Mary,86,97.74,367,3.94,1,97.91
2025-07-03,Team A,Nicole,68,88.87,347,4.37,1,95.93
2025-01-28,Team A,Daniel,94,87.47,293,3.93,3,95.16
2025-08-28,Team A,Aaron,96,100,402,4.56,3,94.72
2025-11-02,Team C,Alex,111,94.08,282,4.29,1,94.41
2025-03-11,Team C,Emma,93,91.97,388,4.52,1,94.1
2025-01-11,Team D,Nicole,77,87.66,413,4.1,2,98.3
2025-07-26,Team A,Olivia,99,91.26,370,4.24,0,96.19
2025-09-23,Team A,Michael,100,89.56,405,4.42,1,95.5
2025-05-16,Team B,David,64,93.14,385,4.18,4,95.1
2025-04-17,Team A,Michael,116,98.63,269,4.18,2,95.12
2025-06-15,Team C,Amy,89,87.08,254,4.35,1,92.32
2025-05-10,Team C,David,109,92.1,298,4.83,1,95.46
2025-12-08,Team B,Ryan,78,93.75,257,4.12,0,96.16
2025-09-29,Team D,Lisa,114,93.26,334,4.8,2,93.93
2025-09-27,Team A,Michael,112,89.24,349,4.57,1,100
2025-09-25,Team A,Grace,68,92.4,296,4.69,0,95.47
2025-01-12,Team D,Lisa,75,91.19,335,4.7,1,93.25
2025-06-28,Team B,Amy,69,90.57,291,4.7,1,97.99
2025-09-29,Team A,Olivia,81,95.54,370,4.05,3,94.42
2025-03-03,Team D,Sophia,91,93.45,374,4.57,4,95.6
2025-12-21,Team D,Chris,88,91.46,250,4.38,2,98.52
2025-10-27,Team C,Rachel,94,92.57,278,4.92,0,91.98
2025-09-26,Team D,Daniel,79,93.36,354,4.13,1,97.09
2025-01-15,Team A,Ryan,88,85.12,243,3.84,1,93.56
2025-07-04,Team D,David,86,94.33,330,4.54,2,92
2025-09-21,Team B,Mary,87,90.76,291,5,2,96.7
2025-04-01,Team D,Nicole,92,91.48,393,3.85,3,93.96
2025-03-11,Team C,Emma,88,88.31,319,4.97,3,92.34
2025-07-16,Team B,Rachel,62,92.49,430,4.47,2,93.22
2025-04-30,Team B,Rachel,77,94.01,302,4.42,2,96.48
2025-03-07,Team B,Jason,87,94.97,354,4.13,1,95.93
2025-02-20,Team D,Nicole,84,95.6,277,3.83,3,99.35
2025-10-12,Team C,David,77,94.87,351,4.87,0,94.04
2025-03-03,Team D,David,96,92.7,307,4.15,5,95.59
2025-04-05,Team A,Daniel,69,94.34,362,4.15,2,98.58
2025-08-10,Team C,Grace,94,87.55,358,4.44,3,100
2025-10-20,Team D,Michael,132,97.86,339,4.8,2,94.86
2025-11-02,Team C,John,86,91.56,293,4.32,2,96.22
2025-12-06,Team B,Rachel,106,95.04,382,4.83,3,94.52
2025-01-28,Team C,David,69,95.74,332,4.04,3,100
2025-11-18,Team B,Daniel,89,93.74,331,4.14,3,94.38
2025-01-21,Team B,Michael,86,92.27,335,4.05,0,93.73
2025-08-06,Team A,Sarah,82,92.18,371,4.58,3,94.05
2025-12-21,Team B,Sophia,81,91.82,289,4.34,3,99.58
2025-01-23,Team D,Rachel,79,93.44,366,4.16,1,97.56
2025-06-01,Team B,Rachel,40,93.24,331,4.27,1,96.64
2025-03-26,Team D,Chris,92,92.25,343,4.29,0,95.01
2025-09-27,Team A,David,79,91.56,433,4.74,2,98.24
2025-10-13,Team D,Alex,92,95.21,333,3.84,1,100
2025-02-27,Team C,David,103,88.15,392,4.69,3,93.92
2025-10-07,Team C,Alex,91,97.32,404,4.03,1,95.19
2025-05-10,Team B,Lisa,62,92.96,301,4.56,3,94.41
2025-04-16,Team A,John,81,96.26,325,4.22,1,94.45
2025-04-23,Team A,Mary,68,95.12,257,3.88,1,93.78
2025-08-25,Team A,Daniel,85,97.04,388,4.76,4,98.23
2025-08-08,Team A,Nicole,79,92.47,333,4.28,1,98.59
2025-09-08,Team B,Jason,60,93.68,418,4.23,2,98.17
2025-10-25,Team B,Alex,79,86.97,388,3.97,5,96.98
2025-12-12,Team D,Sarah,60,87.57,310,4.26,2,98.27
2025-01-01,Team D,Sophia,84,93.54,263,4.36,1,94.96
2025-08-09,Team A,Alex,78,87.14,287,4.17,1,96.24
2025-11-15,Team A,Rachel,64,98.96,296,4.65,2,97.01
2025-12-27,Team B,Jason,113,90.94,364,4.52,0,96.9
2025-06-19,Team D,John,68,90.83,334,4.23,2,99.99
2025-02-25,Team B,David,90,92.68,302,4.41,1,96.9
2025-08-22,Team A,Michael,109,88.8,319,4.23,1,96.78
2025-07-29,Team D,Mary,95,91.78,358,4.56,2,98.01
2025-10-31,Team D,Jason,101,94.68,435,4.77,3,94.87
2025-09-04,Team A,Daniel,94,89.57,328,4.61,5,96.37
2025-06-10,Team D,Olivia,87,87.14,308,4.12,1,93.58
2025-07-05,Team D,Olivia,89,91.89,407,4.31,0,95.73
2025-05-18,Team B,Emma,82,91.15,234,4.27,0,92.53
2025-09-14,Team A,Olivia,82,93.06,297,4.7,2,91.62
2025-05-20,Team B,Nicole,86,91.61,300,4.14,1,98.22
2025-04-15,Team D,Rachel,80,93.24,345,4.43,2,91.36
2025-06-19,Team A,Michael,73,89.7,306,3.72,2,96.38
2025-03-19,Team D,Amy,66,91.54,308,4.24,3,94.66
2025-06-04,Team C,Grace,71,95.19,444,4.32,1,95.32
2025-01-07,Team B,Ryan,86,91.79,346,4.27,4,96.31
2025-05-18,Team D,Amy,91,95.82,302,4.13,1,95.09
2025-06-06,Team C,Mary,78,92.53,278,4.5,1,96.87
2025-06-24,Team B,Sarah,71,98.14,250,4.77,4,97.54
2025-06-27,Team C,Emma,87,93.16,291,4.44,2,99.04
2025-01-03,Team B,Amy,81,91.53,287,4.18,3,96.85
2025-01-05,Team B,Chris,58,91.15,336,4.12,2,93.62
2025-11-05,Team D,Emma,69,91.41,334,4.94,2,96.63
2025-02-14,Team C,Grace,77,89.17,305,4.17,7,97.22
2025-08-09,Team C,Michael,77,91.79,310,4.93,1,93.33
2025-09-09,Team A,David,86,90.81,319,4.49,5,92.98
2025-01-30,Team A,Sophia,76,91.45,331,4.29,3,90.84
2025-07-09,Team A,David,59,92.28,329,4.22,0,97.3
2025-12-30,Team B,John,95,94.4,346,4.29,4,94.3
2025-09-30,Team B,Amy,74,89.45,277,4.21,1,96.48
2025-05-16,Team C,Amy,100,96.31,300,4.39,1,94.68
2025-08-02,Team C,Amy,77,91.68,303,4.67,1,93.06
2025-05-12,Team C,David,78,96.37,410,4.18,3,94.3
2025-03-04,Team C,Chris,94,97.55,308,4.94,2,93.18
2025-10-21,Team D,Michael,97,99.49,295,4.4,0,95.07
2025-10-21,Team B,Chris,98,95.77,272,3.62,3,96.85
2025-10-07,Team B,Lisa,91,93.81,333,4.6,4,96.43
2025-06-24,Team A,Lisa,95,94.95,330,4.92,3,95.07
2025-12-10,Team B,John,97,90.04,350,3.96,0,95.81
2025-05-25,Team A,Aaron,64,91.93,335,4.55,1,95.76
2025-05-04,Team D,Sarah,69,91.13,371,4.02,0,93.89
2025-02-13,Team C,Nicole,95,91.03,203,4.37,3,95.86
2025-02-26,Team C,Sophia,97,86.77,296,3.94,1,91.34
2025-01-07,Team C,Mary,93,94.59,259,4.44,2,96.15
2025-09-25,Team D,Olivia,74,95.06,308,4.08,2,92.32
2025-09-27,Team B,Grace,79,88.67,266,4.37,0,97.49
2025-06-04,Team D,John,94,91.61,287,3.73,0,96.07
2025-03-23,Team C,Rachel,70,87.54,275,4.34,6,95.59
2025-08-28,Team D,Mary,69,90.85,357,4.71,3,97.94
2025-05-26,Team D,Ryan,58,90.39,353,4.31,2,94.89
2025-12-05,Team D,Amy,87,93.29,333,4.23,3,97.52
2025-07-18,Team B,Sophia,67,88.68,331,4.2,1,97.37
2025-01-29,Team B,David,92,96.13,313,4.9,2,93.83
2025-10-12,Team B,Alex,73,93.45,287,4.44,2,97.09
2025-12-16,Team A,Alex,84,85.66,340,4.86,5,95.43
2025-08-24,Team B,Kevin,76,93.07,376,4.38,3,93.29
2025-10-22,Team A,Rachel,77,87.83,297,4.79,5,96.84
2025-12-06,Team D,Lisa,89,93.76,317,4.66,3,96.98
2025-01-15,Team D,Jason,74,94.47,305,4.73,2,97.7
2025-12-13,Team C,Amy,121,90.34,391,4.38,1,98.06
2025-08-14,Team D,Amy,61,88.39,312,4.66,3,96.25
2025-03-07,Team B,Chris,49,90.48,253,4.92,1,95.74
2025-08-01,Team B,Emma,70,96.54,271,4.08,3,99.6
2025-05-16,Team C,Daniel,98,89.3,256,4.23,3,92.04
2025-06-01,Team D,Daniel,69,95.29,313,4.4,4,94.9
2025-08-08,Team A,Daniel,38,94.92,251,4.61,2,95.12
2025-12-27,Team D,Sarah,89,88.49,319,4.24,1,96.05
2025-02-24,Team D,Mary,61,93.64,370,4.41,4,94.95
2025-03-17,Team C,Mary,83,91.98,239,4.39,0,97.27
2025-03-24,Team A,Mary,106,95.94,291,4.27,2,94.16
2025-07-22,Team C,Sophia,75,93.8,313,4.84,5,97.26
2025-11-11,Team A,Jason,96,94.28,349,4.31,1,95.95
2025-11-09,Team B,Olivia,107,94.58,325,4.34,4,92.51
2025-01-26,Team D,Daniel,100,91.41,320,4.39,2,96.82
2025-12-10,Team A,Mary,77,94.13,311,4.77,0,97.02
2025-10-31,Team B,John,104,93.89,356,4.2,1,95.29
2025-08-25,Team C,Rachel,78,93.49,390,4.75,0,97.81
2025-02-15,Team D,Chris,81,89.92,298,4.57,5,94.54
2025-08-14,Team C,Nicole,86,90.44,332,4.97,3,99.04
2025-02-26,Team B,Aaron,61,95.74,344,4.17,3,95.58
2025-10-02,Team A,Grace,67,89.04,372,5,3,98.6
2025-09-05,Team D,Michael,62,96.96,330,4.74,3,94.78
2025-02-09,Team C,John,98,96.34,233,4.81,1,97.9
2025-03-10,Team B,Aaron,105,90.02,305,4.61,2,98.22
2025-03-30,Team D,David,63,94.59,374,4.37,1,99.54
2025-12-31,Team B,Olivia,88,95.24,347,3.87,5,96.19
2025-04-10,Team D,Amy,81,99.16,258,4.17,1,96
2025-06-26,Team C,Emma,95,95.69,251,4.79,3,92.7
2025-10-15,Team B,Mary,90,96.61,330,4.36,1,96.52
2025-10-09,Team C,Olivia,83,83.68,389,4.37,3,95.76
2025-11-15,Team D,Emma,74,93.95,310,4.87,0,98.15
2025-08-12,Team A,Jason,99,91.66,360,4.87,1,99.51
2025-10-05,Team B,David,63,93.37,317,4.3,1,96.99
2025-06-27,Team B,Rachel,67,94.27,231,4.51,1,97.36
2025-12-25,Team D,Amy,76,95.75,222,4.28,1,95.61
2025-03-30,Team B,Nicole,70,92.02,392,4.27,0,97.67
2025-12-11,Team D,Aaron,102,88.35,307,4.89,0,99.06
2025-01-20,Team C,Ryan,96,94.64,311,3.79,1,95.45
2025-05-05,Team D,Kevin,84,94.97,333,4.75,0,95.38
2025-01-05,Team C,Lisa,78,87.7,311,4.19,2,96.01
2025-05-08,Team D,Ryan,109,90.05,341,4.55,2,95.85
2025-04-12,Team A,Sarah,45,98.41,303,4.73,1,97.05
2025-11-07,Team B,Lisa,78,93.04,395,4.07,1,97.51
2025-05-17,Team A,Alex,88,88.98,325,4.62,2,96.08
2025-12-26,Team D,Amy,54,95.97,385,3.94,2,94.59
2025-01-11,Team A,Daniel,75,89.58,329,4.44,1,98.68
2025-09-18,Team D,Michael,66,100,351,4.22,4,94.65
2025-03-11,Team C,Chris,61,92.03,315,4.35,3,97.75
2025-04-27,Team A,Ryan,88,92.06,326,4.31,4,100
2025-05-10,Team A,Sarah,107,91.04,338,4.52,2,94.85
2025-08-03,Team D,Kevin,88,92.9,326,4.4,0,95.29
2025-06-20,Team C,Nicole,92,96.1,279,3.84,2,95.82
2025-10-27,Team A,Ryan,74,96.45,316,4.55,3,94.71
2025-08-09,Team A,David,80,90.09,317,4.62,2,96.37
2025-01-24,Team A,Jason,91,94.06,270,5,3,97.51
2025-03-10,Team C,Sarah,75,90.29,299,4.1,0,97.52
2025-02-23,Team A,Alex,94,88.01,346,4.9,3,93.88
2025-06-01,Team B,Ryan,86,90.92,355,4.46,2,95.89
2025-03-25,Team C,Jason,100,90.75,297,4.37,2,90.19
2025-09-19,Team B,Michael,75,97.18,369,5,3,96.03
2025-05-13,Team A,Jason,86,98.94,340,4.64,2,98.1
2025-08-13,Team C,Kevin,93,92.79,358,4.68,2,97.11
2025-08-19,Team C,Alex,80,90.77,314,4.09,2,98.97
2025-07-15,Team A,Michael,93,100,283,4.17,1,96.29
2025-06-20,Team D,Grace,107,90.17,407,3.97,0,95.76
2025-04-15,Team B,Lisa,78,97.87,267,4.92,2,97.05
2025-10-15,Team C,Michael,55,85.24,337,4.63,2,96.28
2025-12-04,Team B,John,68,86.45,323,4.82,0,100
2025-02-25,Team A,Lisa,70,86.99,278,4.35,1,94.31
2025-08-05,Team B,Emma,91,93.13,279,5,2,97.09
2025-01-13,Team C,Nicole,135,92.08,317,4.8,3,94.78
2025-02-25,Team D,Lisa,114,94.6,262,4.24,3,98.28
2025-06-28,Team C,Michael,109,92.28,371,4.43,2,99.6
2025-07-29,Team A,Sarah,84,97.37,180,4.31,2,93.73
2025-11-02,Team A,Michael,88,88.39,367,4.37,1,92.59
2025-08-06,Team A,Lisa,94,92.93,301,4.66,2,95.35
2025-04-30,Team C,Lisa,97,95.52,304,4.38,3,93.89
2025-03-25,Team B,David,98,94.2,361,3.99,3,99.39
2025-08-24,Team A,John,106,97.01,307,4.78,1,98.29
2025-11-03,Team C,Mary,54,92.43,418,4.36,2,94.1
2025-05-27,Team D,Grace,74,89.32,335,3.97,4,94.49
2025-08-23,Team B,Emma,81,91.67,269,4.43,3,96.71
2025-08-24,Team A,Michael,91,94.05,185,4,5,93.54
2025-05-29,Team A,Mary,62,88.44,277,4.77,1,94.4
2025-01-02,Team C,Michael,83,93.19,422,4.67,3,96.72
2025-04-03,Team B,Michael,74,98.26,392,4.24,0,95.76
2025-10-23,Team A,Michael,115,90.02,287,4.35,1,95.39
2025-12-18,Team A,David,87,90.56,238,4.38,3,95.82
2025-08-21,Team D,Aaron,86,92.36,298,4.53,1,95.61
2025-01-15,Team C,Rachel,74,95.81,312,4.38,0,100
2025-08-30,Team B,Emma,96,91.84,261,4.5,3,96.4
2025-05-12,Team B,Aaron,93,97.36,353,4.44,3,99.46
2025-09-28,Team C,Grace,70,96.5,294,4.39,2,97.63
2025-10-21,Team C,Ryan,116,89.94,326,4.47,5,99.29
2025-05-14,Team C,Chris,102,90.14,284,3.79,3,95.64
2025-04-01,Team D,Sophia,82,97.69,324,4.56,4,91.84
2025-09-28,Team A,Ryan,79,93.74,348,4.57,4,94.97
2025-10-07,Team B,Jason,91,94.49,315,4.19,0,96.73
2025-10-25,Team A,Mary,66,87.47,299,4.56,2,93.01
2025-11-12,Team A,Grace,90,92.57,304,4.54,9,96.71
2025-04-03,Team B,Alex,88,97.43,322,4.02,5,96.22
2025-04-10,Team C,Michael,91,91.43,346,4.73,2,92.27
2025-01-10,Team D,Rachel,68,91.09,359,4.62,1,93.99
2025-09-03,Team D,Michael,82,97.73,339,4.14,1,94.6
2025-09-19,Team D,Mary,85,92.29,296,4.57,0,96.69
2025-07-16,Team B,Lisa,70,90.58,288,4.28,1,94.47
2025-10-15,Team B,Nicole,61,100,296,4.15,2,98.26
2025-07-17,Team A,Ryan,67,94.05,364,4.25,2,92.25
2025-08-06,Team C,Michael,87,92.01,244,3.78,0,93.8
2025-11-12,Team A,Sophia,79,89.94,327,4.21,2,96.71
2025-11-19,Team C,Aaron,94,95.05,257,4.94,1,96.43
2025-09-07,Team D,Michael,72,89.81,354,4.81,1,94.37
2025-10-30,Team A,Olivia,107,93.75,362,5,1,93.73
2025-08-03,Team A,Daniel,92,90.85,294,4.39,1,92.07
2025-05-31,Team A,Aaron,77,94.15,313,4.26,3,99.95
2025-08-13,Team C,Olivia,89,91.43,404,4.34,3,95.81
2025-08-03,Team D,Rachel,93,92.88,300,4.2,1,97.19
2025-04-27,Team C,Olivia,54,91.99,327,4.91,2,95.18
2025-01-23,Team D,Sophia,68,94.21,273,4.39,1,95.64
2025-11-05,Team A,Nicole,83,87.14,363,4.77,2,99.93
2025-03-27,Team B,Aaron,87,90.71,379,4.56,3,95.57
2025-01-12,Team B,Olivia,89,93.77,220,5,3,95.3
2025-10-27,Team D,Alex,50,88.54,275,4.37,1,95.66
2025-01-07,Team D,Aaron,75,95.62,378,4.92,4,96.95
2025-02-28,Team A,John,88,93.36,363,4.3,2,98.2
2025-01-08,Team A,Michael,70,90.9,369,4.71,3,95.93
2025-02-05,Team C,Sarah,95,96.83,239,3.94,2,97.66
2025-01-18,Team D,Chris,76,91.22,262,4.5,1,98.22
2025-02-10,Team B,Michael,108,92.57,246,4.23,2,94.73
2025-07-26,Team C,Mary,80,96.7,269,4.46,3,93.67
2025-05-18,Team D,Nicole,100,93.38,382,4.04,3,99.72
2025-04-04,Team A,Daniel,76,92.62,276,3.86,3,96.66
2025-04-23,Team A,Aaron,82,96.33,303,4.64,2,99.13
2025-10-28,Team D,Sophia,73,91,385,4.89,4,95.85
2025-06-07,Team D,Emma,116,94.75,283,4.2,0,92.55
2025-02-26,Team C,Olivia,70,93.42,344,4.28,2,92.51
2025-09-18,Team A,Emma,71,91.78,359,4.16,1,91.79
2025-04-11,Team B,Alex,56,98.41,328,4.27,2,98.54
2025-08-19,Team A,David,82,89.79,357,3.8,2,97.66
2025-12-04,Team D,Ryan,110,90.74,256,4.89,3,98.8
2025-07-10,Team C,Grace,67,91.82,278,4.53,0,95.52
2025-05-23,Team B,Nicole,81,88.35,327,4.41,5,98.58
2025-02-27,Team A,Rachel,76,94.32,363,4.36,2,97.28
2025-07-21,Team B,John,94,91.47,251,4.58,2,96.43
2025-03-26,Team D,Sarah,83,92.39,275,4.45,1,93.29
2025-04-04,Team C,Mary,74,90.92,326,4.45,0,97.36
2025-05-06,Team C,Grace,115,94.83,311,4.43,0,97.09
2025-11-01,Team D,Sarah,88,93.49,281,4.62,3,96.19
2025-12-24,Team B,John,74,94.34,298,4.22,0,94.68
2025-02-06,Team B,David,106,92.25,326,4.39,0,96.33
2025-04-07,Team A,Alex,79,87.73,316,4.4,2,95.34
2025-12-11,Team B,Aaron,68,90.18,246,4.4,3,95.79
2025-12-20,Team C,Aaron,81,87.49,272,4.56,2,95.11
2025-04-15,Team B,Aaron,86,88.91,267,4.67,1,95.32
2025-08-20,Team D,Ryan,81,94.73,393,4.68,2,100
2025-10-24,Team D,Sarah,83,96.2,249,4.02,3,95.13
2025-07-25,Team B,Amy,75,89.07,309,4.39,4,94.64
2025-01-30,Team C,Amy,89,90.37,333,4.52,4,95.69
2025-06-18,Team A,Emma,70,93.09,397,4.47,2,94.55
2025-10-11,Team A,Michael,90,92.1,360,4.18,2,98.29
2025-02-19,Team A,Kevin,72,94.78,318,4.7,3,95.4
2025-03-04,Team D,Mary,94,84.81,334,4.72,2,95.93
2025-04-11,Team B,Grace,85,96.17,353,3.88,1,95.86
2025-10-15,Team B,Aaron,73,88.68,265,4.63,3,97.02
2025-09-12,Team D,Sarah,78,91.96,382,4.76,2,94.71
2025-03-25,Team C,Emma,79,89.29,296,4.29,2,97.82
2025-11-07,Team B,Olivia,91,91.08,336,4.79,1,94.34
2025-12-27,Team B,Aaron,93,89.31,342,4.53,2,94.27
2025-10-05,Team C,Alex,80,92.4,180,4.63,2,98.34
2025-06-02,Team A,Nicole,73,93.96,330,4.64,3,95.5
2025-12-10,Team D,Ryan,84,96.37,301,4.5,1,97.79
2025-11-23,Team B,Daniel,84,96.9,292,4.53,0,98.17
2025-10-06,Team C,Olivia,83,90.47,300,5,2,97.21
2025-01-06,Team C,David,89,86.47,375,4.64,2,96.14
2025-06-19,Team A,Lisa,94,96.02,293,4.12,1,96.33
2025-12-19,Team A,Rachel,90,92.28,257,4.94,2,94.5
2025-08-11,Team B,David,79,87.29,314,4.25,1,94.91
2025-09-24,Team B,Emma,73,92.65,304,4.03,1,98.57
2025-07-18,Team B,David,93,90.36,277,4.28,2,98.24
2025-02-16,Team D,Ryan,83,91.38,334,4.29,1,95.9
2025-01-03,Team A,Lisa,70,95.32,253,4.24,1,97.75
2025-12-14,Team C,Mary,64,93.55,386,4.16,4,95.91
2025-09-23,Team B,Jason,73,94.13,288,4.25,1,98.59
2025-05-31,Team C,Grace,81,90.12,331,4.61,1,95.68
2025-03-09,Team A,Kevin,51,91.44,254,4.66,1,98.06
2025-03-11,Team C,Chris,84,92.34,278,3.77,1,97.95
2025-08-11,Team D,Amy,94,92.83,331,4.35,1,97.96
2025-10-02,Team C,Amy,83,92.61,285,4.11,0,96.24
2025-04-23,Team A,Amy,83,90.83,265,4.47,4,96.85
2025-10-22,Team C,Jason,71,92.88,357,4.69,4,95.62
2025-11-16,Team C,Chris,72,97.72,367,4.13,1,97.09
2025-04-02,Team D,Kevin,72,90.64,415,4.35,2,94.32
2025-09-03,Team D,Olivia,72,89.24,301,4.42,3,96.9
2025-02-17,Team B,Sophia,61,93.27,316,4.53,3,93.27
2025-11-01,Team D,Amy,74,92.37,347,4.82,5,98.16
2025-02-08,Team B,Mary,60,91.43,323,4.42,1,94.88
2025-03-18,Team C,Daniel,81,93.03,323,4.48,3,95.65
2025-08-20,Team C,Sarah,91,97.11,312,4.77,0,96.11
2025-07-20,Team B,Chris,95,95.57,351,4.36,3,95.69
2025-11-13,Team C,David,115,94.4,306,4.1,2,93.92
2025-01-23,Team B,Rachel,74,96.47,378,4.68,2,96.57
2025-03-12,Team B,Michael,82,90.86,365,3.73,3,95.91
2025-02-18,Team D,Jason,78,96.13,284,4.22,2,95.23
2025-11-01,Team A,Aaron,94,93.47,290,4.61,0,92.08
2025-12-17,Team B,Alex,80,96.38,339,4.71,0,91.77
2025-12-30,Team A,Kevin,71,93.66,248,4.55,5,97.76
2025-03-27,Team A,Sophia,86,92.89,318,4.08,2,98.16
2025-04-30,Team C,Rachel,57,96.07,332,4.41,0,95.24
2025-10-21,Team C,Nicole,96,97.53,325,4.38,2,96.02
2025-01-17,Team D,Nicole,69,94.06,291,4.89,3,95.38
2025-12-03,Team C,Sarah,98,92.55,369,5,2,96.14
2025-12-27,Team B,Daniel,94,87.25,345,4.13,5,92.49
2025-01-19,Team B,Ryan,82,93.46,365,4.44,2,96.18
2025-07-17,Team C,Lisa,78,97.91,300,4.06,2,96.91
2025-06-21,Team C,Michael,69,87.31,315,4.19,4,96.66
2025-01-19,Team B,Grace,48,94.32,355,4.67,3,95.92
2025-10-18,Team D,Lisa,78,92.48,287,4.63,1,94.28
2025-02-24,Team C,Aaron,77,97.99,408,4.6,4,97.48
2025-06-01,Team A,David,93,87.67,264,4.46,2,94.39
2025-12-27,Team A,Nicole,91,92.14,350,4.43,5,94.6
2025-08-07,Team A,Michael,54,91.04,297,3.92,1,93.87
2025-07-04,Team D,Mary,86,93.14,383,4.39,3,95.87
2025-10-14,Team A,Nicole,80,94.08,388,4.99,2,96.28
2025-09-08,Team D,Jason,87,88.92,222,4.25,2,95.97
2025-08-16,Team C,Lisa,65,89.84,300,4.39,1,97.33
2025-09-14,Team C,Emma,87,90.72,279,4.35,1,97.28
2025-05-19,Team C,Chris,75,93.38,352,4.21,2,97.19
2025-03-31,Team B,Sophia,88,91.91,349,4.27,1,94.71
2025-10-05,Team C,Olivia,71,92.7,287,4.8,0,91.83
2025-10-07,Team A,Lisa,113,90.82,313,3.96,0,95.15
2025-06-15,Team B,Kevin,97,92.51,409,4.29,0,93.2
2025-07-26,Team D,Daniel,90,89.17,307,4.61,1,94.81
2025-02-08,Team A,Olivia,90,91.42,354,4.63,0,93.72
2025-12-09,Team A,John,92,93.74,334,4.41,4,92.33
2025-08-14,Team C,Olivia,92,93.73,350,4.8,1,91.51
2025-01-24,Team C,Alex,81,95.11,257,4.43,5,96.24
2025-10-23,Team A,Mary,96,92.73,328,4.38,0,96.58
2025-02-24,Team A,Lisa,96,88.28,298,4.5,0,97.79
2025-02-21,Team A,Alex,89,93.32,318,4.32,3,96.86
2025-03-23,Team D,Alex,98,90.88,263,4.06,0,92.87
2025-09-12,Team D,Lisa,90,91.67,301,4.4,1,95.68
2025-02-16,Team A,Olivia,85,96.99,431,5,1,95.11
2025-06-29,Team C,Aaron,86,89.39,289,4.39,1,93.02
2025-11-30,Team D,Ryan,94,90.93,320,4.81,1,96.52
2025-03-16,Team D,David,89,94.46,370,4.06,0,92.33
2025-08-30,Team C,Aaron,81,96.07,348,4.57,0,99.38
2025-01-25,Team B,Amy,73,89.7,334,4.28,1,95.85
2025-02-26,Team B,Chris,93,96,337,4.57,4,95.32
2025-09-09,Team B,Amy,87,87.91,301,3.85,3,95.59
2025-01-07,Team D,Amy,82,97.45,318,4.8,2,98.15
2025-12-08,Team D,Ryan,56,91.54,384,4.24,3,94.56
2025-05-24,Team C,Rachel,75,90.27,346,4.21,3,96.14
2025-06-18,Team B,John,56,94.14,348,4.76,1,94.59
2025-03-03,Team B,Amy,90,93.4,312,4.02,2,90.83
2025-07-18,Team D,Alex,70,94.4,276,4.14,1,95.1
2025-12-09,Team C,Grace,73,98.75,273,4.11,6,95.44
2025-11-07,Team D,Chris,85,86.28,267,4.38,2,97.85
2025-08-26,Team A,Olivia,79,94.18,323,4.71,1,95.04
2025-12-19,Team A,Jason,85,88.83,283,4.51,2,93.7
2025-03-30,Team A,Kevin,67,92.15,373,4.19,2,100
2025-06-21,Team C,Jason,59,92.7,281,4.88,4,97.96
2025-08-24,Team D,Michael,73,92.21,374,4.04,1,92.32
2025-10-28,Team A,Grace,90,95.59,375,4.45,1,94.02
2025-07-06,Team A,Aaron,56,85.43,252,4.49,3,94.35
2025-11-19,Team C,Mary,103,90.75,283,4.43,1,96.57
2025-08-29,Team D,Aaron,88,92.12,411,4.52,4,96.31
2025-10-26,Team C,Ryan,81,93.7,280,4.42,2,96.29
2025-11-01,Team A,Rachel,76,95.5,361,4.56,2,92.88
2025-12-08,Team A,Mary,76,92.44,378,4.74,0,97.3
2025-11-07,Team A,Chris,101,94.41,234,4.36,1,96.77
2025-12-18,Team D,Aaron,105,90.32,247,4.77,3,94.56
2025-02-18,Team D,Grace,79,97.38,298,4.06,2,94.39
2025-10-11,Team B,Sarah,82,85.97,247,4.9,1,96.66
2025-10-27,Team D,Mary,68,97.14,340,4.3,1,94.36
2025-01-16,Team C,Sarah,76,92.36,301,5,2,93.37
2025-08-28,Team A,John,80,96.35,425,4.01,0,96.84
2025-02-22,Team D,Kevin,77,84.22,334,4.79,1,98.6
2025-01-03,Team B,Alex,86,90.85,265,4.13,4,94.79
2025-11-25,Team C,Nicole,111,87.08,333,4.11,3,98.03
2025-04-23,Team B,Mary,79,95.14,355,4.25,2,94.62
2025-09-15,Team A,Sophia,79,91.54,282,4.71,0,96.06
2025-09-08,Team D,Daniel,91,98.01,299,4.68,3,99.96
2025-03-15,Team A,Kevin,97,89.46,307,3.82,0,100
2025-12-25,Team D,Daniel,79,89.74,301,4.34,2,97.38
2025-09-04,Team B,Kevin,68,94.01,367,4.24,3,95.91
2025-10-26,Team D,Ryan,85,89.07,291,4.78,3,98.2
2025-05-14,Team B,Olivia,105,94.49,291,4.05,1,96.06
2025-02-10,Team B,Aaron,92,95.87,404,4.11,2,97.31
2025-03-05,Team C,John,54,85.6,327,4.64,5,99.16
2025-05-16,Team D,Emma,87,95.05,343,3.59,5,96.48
2025-09-25,Team D,David,89,85.1,306,4.79,3,95.06
2025-10-21,Team A,David,82,91.32,390,4.06,4,94.51
2025-10-23,Team B,Grace,90,90.3,329,4.97,1,98.85
2025-05-18,Team D,Nicole,77,95.27,321,4.42,1,97.5
2025-11-05,Team A,John,68,93.41,354,4.11,2,96.23
2025-04-05,Team B,Nicole,83,90.62,367,4.26,0,96.84
2025-10-22,Team D,Grace,96,93.22,351,4.29,1,95.75
2025-05-10,Team D,Grace,79,96.42,326,4.35,4,96.14
2025-03-05,Team A,Grace,61,96.09,294,4.89,3,94.46
2025-08-15,Team B,Amy,76,91.24,308,4.19,3,96
2025-01-03,Team A,Sarah,88,95.44,238,3.93,2,97.34
2025-07-27,Team C,John,95,90.28,323,4.37,1,93.21
2025-05-19,Team D,Lisa,88,91.14,254,4.37,1,94.28
2025-09-30,Team B,Aaron,74,91.27,322,4.4,0,97.53
2025-12-10,Team A,David,91,88.98,248,4.54,3,97.4
2025-03-08,Team B,Alex,94,91.63,251,4.7,4,97.18
2025-02-19,Team A,Emma,82,94.89,283,5,0,97.36
2025-12-01,Team C,Ryan,124,97.02,353,4.51,1,97.84
2025-10-31,Team C,John,78,95.25,399,4.01,0,97.07
2025-11-24,Team C,Grace,109,90.76,347,3.98,3,97.63
2025-05-01,Team A,Michael,89,92.06,336,4.44,1,95.4
2025-06-28,Team D,Lisa,72,89.51,390,4.43,2,94.6
2025-09-22,Team C,Alex,97,94.68,302,3.95,1,94.49
2025-08-18,Team C,Mary,82,90.77,394,4.33,1,93.76
2025-06-02,Team C,Michael,98,94.28,380,4.12,2,96.83
2025-08-02,Team A,Michael,81,95.15,404,4.64,2,94.4
2025-08-10,Team B,Ryan,94,94.38,348,4.18,2,94.5
2025-02-24,Team A,Mary,91,93.74,319,4.5,4,95.25
2025-08-05,Team B,David,80,93.39,361,4.31,2,98.1
2025-09-11,Team A,Chris,109,89.23,252,4.42,2,96.9
2025-04-16,Team A,Jason,77,87.86,310,4.34,1,96.77
2025-12-31,Team B,Nicole,83,89.28,266,4.73,4,98.3
2025-03-25,Team D,Rachel,77,94.1,297,4.32,2,94.05
2025-09-30,Team B,Amy,92,94.19,346,4.24,3,95.7
2025-05-01,Team D,Olivia,91,97.67,350,4.41,0,93.76
2025-11-29,Team C,Olivia,95,91.65,395,4.13,2,97.11
2025-05-30,Team B,Ryan,94,100,296,4.03,1,96.11
2025-07-04,Team D,David,66,91.06,292,4.33,1,95.98
2025-07-12,Team A,Mary,94,93.29,221,4.61,1,94.31
2025-09-18,Team D,Aaron,86,92.13,242,5,1,95.24
2025-02-14,Team C,Mary,83,92.83,318,4.44,3,93.99
2025-06-09,Team B,Kevin,73,87.33,314,4.58,0,93.47
2025-12-14,Team A,Alex,102,91.86,348,4.14,1,98.17
2025-12-30,Team D,Nicole,82,93.04,352,4.7,2,97.88
2025-12-16,Team D,Olivia,86,91.93,282,4.37,1,98.54
2025-08-11,Team D,Mary,87,93.28,335,4.28,5,98.85
2025-02-05,Team C,Mary,63,99.04,414,3.96,2,93.99
2025-03-14,Team C,Sophia,87,94.33,317,4.49,0,93.73
2025-02-22,Team D,Nicole,68,97.32,337,4.42,2,95.83
2025-06-21,Team C,Sophia,91,90.73,355,3.75,2,97.95
2025-01-10,Team C,Grace,84,91.27,324,4.16,2,95.96
2025-06-05,Team C,David,92,96.53,407,4.6,1,97.87
2025-10-15,Team B,Grace,65,91.9,354,4.57,0,98.94
2025-05-13,Team C,Michael,82,87.05,439,4.33,2,92.58
2025-09-24,Team C,Nicole,75,94.09,290,4.67,2,94.09
2025-01-15,Team A,Olivia,92,93.98,365,4.45,0,97.54
2025-10-10,Team B,Ryan,75,94.61,344,3.86,4,91.28
2025-05-07,Team D,Daniel,105,98.57,374,3.77,3,98.03
2025-08-16,Team A,Michael,111,94.86,392,4.65,6,96.01
2025-06-28,Team D,Mary,115,96.97,271,4.24,0,97.03
2025-08-17,Team D,Sophia,73,89.47,230,4.77,2,95.26
2025-08-11,Team B,Ryan,74,95.06,396,4.68,4,98.56
2025-05-15,Team D,Mary,114,93.09,331,4.02,2,94.9
2025-04-16,Team A,Rachel,77,95.87,345,4.33,0,96.49
2025-12-20,Team C,Kevin,130,92.8,264,4.87,2,97.79
2025-03-17,Team C,Sarah,54,96.02,346,4.94,0,93.96
2025-10-26,Team D,Olivia,94,93.48,261,4.49,1,97.28
2025-04-26,Team A,Mary,81,96.05,311,4.88,1,94.19
2025-12-08,Team D,Mary,81,93.9,266,4.62,1,92.36
2025-08-12,Team D,David,101,86.46,305,4.44,3,97.52
2025-12-24,Team B,Lisa,68,94.13,310,4.48,3,96.42
2025-11-08,Team B,Sophia,106,91.81,354,4.14,4,97.71
2025-02-06,Team B,John,114,85.83,341,4.59,2,97.21
2025-11-17,Team C,Mary,102,91.41,256,4.65,0,95.5
2025-06-08,Team B,Sophia,92,92.61,245,3.93,2,93.64
2025-11-19,Team A,Ryan,86,92.53,284,4.42,0,96.11
2025-10-25,Team C,Lisa,86,91.79,278,4.2,1,93.36
2025-04-07,Team C,Emma,96,92.56,342,4.28,5,98.25
2025-04-24,Team B,Mary,90,92.33,311,4.28,0,97.08
2025-02-01,Team C,Lisa,71,95.02,266,4.71,3,94.42
2025-09-17,Team B,Mary,108,100,314,4.57,0,93.77
2025-05-23,Team A,Lisa,88,97.6,271,4.18,2,96.39
2025-09-19,Team B,Emma,57,87.1,318,4.03,2,100
2025-12-29,Team A,Sarah,108,97.51,346,4.38,2,97.14
2025-08-07,Team D,Michael,106,93.5,368,4.97,3,98.38
2025-12-27,Team C,Sophia,111,90.6,324,4.17,2,95.53
2025-08-24,Team A,Kevin,35,90.46,339,5,4,96.64
2025-07-14,Team D,Nicole,59,87.76,380,5,2,95.14
2025-08-04,Team D,Grace,85,98.23,388,4.49,3,94.56
2025-05-21,Team C,Emma,105,91.28,257,4.32,2,98.38
2025-05-09,Team D,Chris,97,91.49,431,4.15,1,92.68
2025-10-29,Team D,Nicole,56,89.25,254,4.65,1,95.62
2025-12-26,Team A,Kevin,68,97.39,320,3.77,3,94.85
2025-03-19,Team D,Rachel,62,91.78,239,4.09,1,96.71
2025-09-06,Team B,Aaron,95,96.56,301,4.47,3,94.88
2025-05-15,Team A,Rachel,89,89.39,386,3.58,3,93.05
2025-12-17,Team B,Sophia,105,95.21,236,4.28,2,95.54
2025-04-10,Team B,Ryan,99,93.45,288,4.66,1,97.18
2025-08-08,Team A,Michael,65,93.25,347,4.51,3,97.19
2025-09-23,Team A,Lisa,74,94.41,317,4.32,4,97.33
2025-10-22,Team C,David,80,94.15,319,4.62,3,95.84
2025-05-30,Team D,Jason,84,91.14,344,4.34,0,93.24
2025-08-13,Team B,Alex,94,96.55,418,4.71,0,94.52
2025-05-11,Team C,David,92,97.93,318,4.4,4,93.23
2025-02-28,Team B,Michael,72,88.5,312,4.41,0,94.82
2025-05-19,Team C,Rachel,92,91.35,270,4.15,2,94.39
2025-07-03,Team C,Jason,60,95.36,365,4.36,2,93.74
2025-05-27,Team B,Nicole,75,92.88,281,4.29,5,94.14
2025-05-30,Team B,Sarah,99,87.84,310,4.37,1,96.28
2025-06-23,Team B,John,84,94.71,306,4.52,1,98.53
2025-08-06,Team A,Nicole,82,94.95,381,3.9,1,96.17
2025-01-14,Team C,Nicole,89,91.94,408,4.31,1,93.93
2025-12-26,Team D,John,71,93.47,350,5,1,95.88
2025-11-30,Team A,John,91,94.76,347,4.19,0,91.35
2025-03-15,Team B,Sophia,83,89.82,371,4.08,2,94.47
2025-06-08,Team D,Kevin,82,94.63,316,4.37,3,98.4
2025-09-22,Team B,Mary,88,93.33,347,4.56,3,92.08
2025-09-19,Team C,Amy,64,90.15,449,4.77,5,95.54
2025-09-16,Team C,Nicole,106,96.76,314,4.48,4,94.42
2025-04-30,Team A,David,86,91.8,256,4.55,0,95.15
2025-02-17,Team A,Amy,74,94.45,374,4.31,1,95.12
2025-03-30,Team B,Daniel,60,92.81,251,4.39,3,90.53
2025-05-18,Team D,Ryan,83,91.45,342,4.29,1,95.6
2025-02-14,Team D,Michael,47,91.6,287,4.67,1,96.14
2025-01-09,Team A,Aaron,84,92.87,323,4.4,2,100
2025-02-11,Team B,Sophia,76,90.55,311,4.88,2,100
2025-04-04,Team A,Michael,76,92.25,353,4.38,0,94.29
2025-03-24,Team A,Daniel,67,88.19,346,4.66,0,97.96
2025-03-13,Team D,Aaron,96,93.79,359,4.16,1,94.86
2025-06-12,Team C,Sarah,87,95.06,318,4.48,2,96.19
2025-03-27,Team C,Amy,102,96.82,316,5,1,96.92
2025-10-18,Team D,Lisa,97,97.4,342,4.3,0,94.99
2025-03-26,Team C,Kevin,121,94.9,313,4.53,1,91.79
2025-02-12,Team B,Mary,104,82.69,297,3.92,1,93.61
2025-01-25,Team D,John,43,90.7,417,4.38,0,100
2025-11-05,Team D,Kevin,88,95.37,317,4.04,4,96.62
2025-10-30,Team B,Amy,72,94.23,310,4.26,0,96.01
2025-11-18,Team A,Lisa,106,90.7,337,4.71,2,99.73
2025-08-08,Team A,Grace,101,91.12,277,4.71,1,94.23
2025-02-14,Team B,Nicole,67,89.35,340,4.11,1,94.68
2025-04-12,Team D,Michael,77,98.41,309,4.61,2,99.69
2025-11-02,Team C,Rachel,73,96.61,343,4.21,4,97.09
2025-05-30,Team C,Alex,111,88.68,340,4.32,3,95.95
2025-02-02,Team D,Mary,75,90.65,244,4.3,2,94.74
2025-06-07,Team D,Grace,76,91.27,332,4.06,1,93.5
2025-09-07,Team C,Lisa,79,96.55,275,3.66,2,94.86
2025-05-20,Team C,Ryan,76,92.26,384,4.42,2,96.67
2025-05-04,Team B,Kevin,73,97.26,353,4.18,2,92.89
2025-04-18,Team D,Chris,68,89.05,365,4.55,4,95.45
2025-10-30,Team D,Kevin,108,99.31,302,4.29,1,95.28
2025-03-08,Team D,Nicole,98,91.88,336,4.42,4,98.06
2025-07-04,Team B,Michael,92,92.1,343,4.43,2,97.81
2025-02-24,Team D,Alex,122,94.32,318,4.33,2,98.54
2025-08-12,Team B,Daniel,98,94.87,266,4.43,2,98.07
2025-12-17,Team B,David,90,94.46,295,3.81,0,97.06
2025-03-20,Team A,John,84,88.19,315,4.67,3,96.95
2025-10-14,Team C,David,60,90.3,321,4.12,2,92.48
2025-08-02,Team D,Amy,79,95.54,294,3.9,1,95.87
2025-05-23,Team A,Aaron,80,90.25,270,4.83,1,98.51
2025-07-08,Team D,Grace,79,96.52,335,4.13,2,96.87
2025-02-17,Team D,Kevin,66,92.71,303,4.4,2,97.68
2025-07-05,Team B,Jason,116,96.18,322,4.59,2,95.1
2025-01-28,Team D,Sophia,69,98.39,180,4.72,2,97.65
2025-11-18,Team B,Amy,102,96.8,306,4.58,0,95.21
2025-09-02,Team C,Sophia,97,94.27,229,4.65,1,92.18
2025-02-23,Team A,Rachel,99,91.52,260,4.75,2,97.09
2025-10-25,Team A,Emma,72,90.29,337,4.37,0,94.23
2025-04-26,Team D,Sophia,83,89.72,292,4.53,3,96.46
2025-08-05,Team A,Nicole,73,92.86,376,4.29,1,89.92
2025-09-27,Team D,David,94,92.74,275,4.34,2,96.16
2025-02-01,Team B,John,59,92.75,341,4.46,2,94.92
2025-01-14,Team B,Amy,89,94.9,283,5,2,100
2025-04-09,Team B,Aaron,91,96.2,344,3.67,3,96.22
2025-06-03,Team A,Aaron,97,90.72,231,4.12,2,94.14
2025-04-20,Team C,Lisa,66,88.15,409,4.44,2,94.41
2025-04-03,Team C,Alex,65,96.74,306,3.79,1,96.24
2025-01-27,Team B,Emma,86,96.47,345,4.68,0,97.94
2025-05-02,Team A,Ryan,104,93.71,311,4.03,4,92.58
2025-08-22,Team B,Mary,89,93.66,311,4.2,2,95.81
2025-05-10,Team C,Olivia,96,93.89,280,4.71,3,95.01
2025-04-01,Team B,Kevin,88,86.62,413,3.99,2,94.7
2025-10-11,Team D,Rachel,93,94.89,246,4.92,2,98.87
2025-10-31,Team D,Daniel,86,96.65,327,4.86,0,96.29
2025-04-29,Team C,Olivia,75,91.42,368,4.35,1,93.84
2025-09-01,Team A,Chris,103,96.67,295,3.78,2,97.3
2025-06-23,Team C,John,74,96.45,315,4.83,2,99.6
2025-04-30,Team B,David,78,87.79,335,3.93,3,97.28
2025-02-20,Team A,Olivia,95,88.53,274,4.62,1,97.52
2025-12-24,Team A,Lisa,91,100,253,4.69,0,91.26
2025-03-04,Team A,Sophia,77,93.24,296,5,2,93.54
2025-10-27,Team D,Grace,57,91.97,277,4.44,5,95.56
2025-11-09,Team A,Aaron,69,90.76,222,4.56,2,93.12
2025-04-01,Team B,Mary,75,93.94,259,4.53,2,96.08
2025-09-20,Team B,Amy,92,91.94,351,4.11,0,95.93
2025-09-19,Team C,David,79,91.51,337,3.83,2,96.67
2025-05-07,Team D,Olivia,74,85.36,372,4.44,2,99.49
2025-04-25,Team A,Sophia,48,100,277,4.47,1,96.35
2025-06-08,Team C,Aaron,85,93.31,398,4.31,0,99.24
2025-08-03,Team A,Mary,101,92.27,323,4.49,1,94.95
2025-07-16,Team C,Jason,66,94.54,304,4.54,0,95.68
2025-01-07,Team C,Nicole,56,91.08,299,4.5,1,95.34
2025-08-12,Team A,Chris,80,92.59,307,4.58,0,93.96
2025-10-07,Team D,Grace,84,90.71,257,4.38,1,95.58
2025-08-29,Team B,John,88,96.21,329,4.35,1,96.43
2025-06-29,Team C,Alex,89,92.33,365,4.42,1,95.03
2025-05-19,Team D,Lisa,81,92.42,348,4.43,3,100
2025-05-02,Team C,Sophia,67,96.11,331,4,3,96.4
2025-09-12,Team A,Michael,93,91.86,382,5,2,94.81
2025-04-12,Team B,Michael,84,95.07,377,4.18,3,95.23
2025-01-24,Team D,Daniel,77,90.07,266,4.45,3,97.54
2025-03-09,Team A,Chris,105,94.7,293,4.57,3,95.95
2025-04-06,Team B,Grace,90,90.86,384,4.41,4,96.27
2025-06-05,Team D,Grace,84,94.36,313,4.42,2,97.21
2025-06-28,Team C,Emma,92,89.57,289,4.31,2,100
2025-09-22,Team C,Alex,107,92.85,273,4.46,3,94.69
2025-01-31,Team D,Grace,81,90.35,360,4.83,2,95.9
2025-01-14,Team C,Grace,69,91.06,303,4.32,5,96.83
2025-02-11,Team B,Michael,90,92.64,296,4.82,0,97.5
2025-02-23,Team B,Lisa,67,91.54,345,3.78,2,99.71
2025-01-17,Team D,Sophia,98,88.96,396,4.25,3,94.86
2025-05-27,Team B,Grace,98,94.12,358,4.7,1,95.32
2025-01-26,Team D,David,79,93.22,390,4.46,4,94.1
2025-06-04,Team B,Mary,82,96.53,213,4.65,0,91.65
2025-07-31,Team B,Sarah,74,91.14,310,4.42,1,92.75
2025-11-26,Team A,Ryan,119,94.74,310,4.6,2,99.12
2025-06-08,Team A,Mary,82,95.82,201,4.6,2,99.9
2025-03-12,Team D,Alex,70,88.13,266,4.74,1,95.78
2025-08-18,Team A,Emma,93,94.25,365,4.21,1,94.15
2025-03-18,Team B,Kevin,68,98.31,345,4.5,3,95.59
2025-07-07,Team A,Michael,83,94.32,399,4.33,1,96.84
2025-07-28,Team A,Daniel,100,89.68,336,4.75,1,94.02
2025-03-31,Team B,Lisa,59,87.53,319,4.03,2,96.54
2025-12-02,Team C,Lisa,97,89.49,325,4.38,1,99.73
2025-04-15,Team B,Sarah,89,88.43,391,4.21,2,94.21
2025-10-26,Team C,John,108,94.39,356,4.39,2,100
2025-04-21,Team A,John,101,97.64,345,4.2,5,96.78
2025-03-10,Team A,Nicole,115,91.47,343,4.48,1,97.52
2025-10-17,Team A,Amy,74,92.6,325,4.98,1,95.27
2025-02-18,Team D,Emma,74,87.52,374,4.4,1,97.67
2025-12-23,Team C,Chris,74,98.8,451,4.56,5,91.81
2025-02-02,Team D,Michael,92,90.82,398,4.38,5,95.6
2025-09-13,Team A,Aaron,79,96,248,4.3,1,95.3
2025-02-03,Team C,Sophia,79,89.65,339,4.25,0,97.52
2025-10-05,Team A,Olivia,89,96.9,310,4.35,3,96.48
2025-07-24,Team D,Chris,109,91.96,263,4.23,3,96.14
2025-02-25,Team A,John,85,96.78,225,4.47,3,95.67
2025-04-18,Team D,John,101,89.07,360,5,3,98.21
2025-05-08,Team A,Alex,95,90.63,416,4.14,3,96.08
2025-10-07,Team A,Nicole,101,92.13,282,4.17,2,90.73
2025-02-20,Team D,Aaron,86,92.97,281,4.33,4,94.87
2025-03-05,Team B,David,88,94.43,231,4.31,2,97.17
2025-10-20,Team D,Sarah,95,91.56,347,4.5,2,99.65
2025-02-19,Team D,Sarah,104,96.11,330,4.41,1,96.41
2025-08-24,Team B,Chris,59,90.67,211,4.39,2,93.54
2025-05-16,Team D,Kevin,126,97.66,248,4.12,2,95.79
2025-01-02,Team C,Kevin,97,95.8,321,4.22,2,93.28
2025-04-13,Team A,Alex,109,89.47,255,3.95,0,97.26
2025-02-24,Team C,Mary,82,89.7,379,4.34,2,93.21
2025-11-23,Team A,Mary,105,92.35,345,4.54,2,98.43
2025-06-17,Team D,David,82,89.68,348,4.63,1,93.85
2025-12-28,Team A,Nicole,79,92.64,225,4.38,1,94.49
2025-05-07,Team A,Sophia,107,90.57,282,4.6,2,98.76
2025-11-04,Team B,Sarah,101,85.54,297,4.2,1,97.11
2025-05-14,Team D,Kevin,58,96.41,309,4.41,2,97.35
2025-11-09,Team B,Mary,99,97.42,331,4.28,3,97.18
2025-02-02,Team C,Olivia,89,91.98,257,4.04,1,97.41
2025-05-20,Team A,Emma,79,92.52,310,4.2,4,97.75
2025-10-20,Team C,Rachel,86,91.16,317,4.09,1,95.07
2025-01-18,Team B,Chris,73,90.03,341,4.72,0,96.33
2025-11-15,Team B,Ryan,71,97.42,368,4.28,1,98.61
2025-12-23,Team B,Sophia,78,86.13,258,4.26,2,97.72
2025-03-16,Team C,Aaron,77,94.23,258,4.76,0,96.69
2025-01-21,Team B,Chris,72,91.61,307,5,3,95.09
2025-08-22,Team B,Daniel,99,89.21,358,4.44,1,96.66
2025-02-02,Team C,Aaron,71,90.57,346,4.57,1,94.94
2025-10-27,Team C,Kevin,79,93.74,341,4.77,3,95.19
2025-05-18,Team A,Sarah,108,94.17,380,4.4,1,96.16
2025-01-29,Team A,Jason,111,94.54,395,4.5,2,100
2025-04-19,Team C,Lisa,57,92.68,314,4.67,1,98.51
2025-11-27,Team A,Rachel,104,92.12,330,4.67,1,90.36
2025-03-17,Team B,Mary,87,95.26,325,4.57,1,94.19
2025-03-01,Team C,Lisa,73,90.53,378,4.11,1,96.91
2025-02-18,Team B,Daniel,105,94.16,297,4.42,0,93.96
2025-06-06,Team A,Sarah,89,90.25,259,4.55,6,96.37
2025-04-01,Team C,Rachel,69,92.69,320,4.64,1,94.26
2025-12-12,Team C,Rachel,94,92.91,309,4.13,3,92.01
2025-06-13,Team D,Emma,77,96.93,384,4.15,1,94.36
2025-05-25,Team C,Olivia,47,91.74,341,4.87,2,92.47
2025-02-21,Team B,Grace,101,95.28,336,4.18,4,95.17
2025-10-31,Team C,Lisa,53,90.36,399,4.68,2,96.81
2025-04-05,Team D,Lisa,97,90.01,368,4.11,1,93.4
2025-10-03,Team D,Rachel,88,86.88,352,4.7,0,92.07
2025-05-04,Team B,Jason,101,92.25,309,5,1,96.52
2025-09-23,Team A,Sarah,101,94.89,313,4.35,0,97.34
2025-09-19,Team C,Olivia,67,90.53,377,4.67,1,93.92
2025-10-15,Team D,Ryan,75,93.24,247,4.42,1,94.96
2025-04-22,Team D,Grace,82,96.74,363,4.85,3,95.85
2025-11-11,Team B,David,78,94,373,4.71,2,96.87
2025-08-24,Team D,Lisa,119,88.15,278,4.61,2,95.14
2025-12-10,Team D,Lisa,95,95.77,314,3.93,0,92.57
2025-07-13,Team B,Michael,101,91.51,304,4.45,5,95.47
2025-12-13,Team B,Sophia,56,93.23,354,4.13,0,95.73
2025-04-25,Team A,Amy,77,96.67,327,4.39,0,95.13
2025-04-13,Team A,Olivia,95,95.4,293,4.89,2,97.65
2025-10-02,Team C,Michael,106,96.18,254,4.38,4,95.04
2025-11-13,Team C,Chris,81,97.86,233,4.03,2,96.89
2025-03-11,Team A,Sarah,68,91.25,319,4.43,3,94.08
2025-06-02,Team B,Kevin,91,95.23,279,3.94,1,99.45
2025-08-07,Team A,Rachel,84,88.72,411,4.17,4,96.48
2025-03-18,Team B,Sophia,85,98.06,336,4.37,5,97.18
2025-05-01,Team C,Sarah,77,91.18,360,4.27,2,98.28
2025-05-29,Team C,Aaron,95,88.77,392,4.09,2,97.1
2025-07-05,Team C,Sophia,103,100,326,4.01,3,95.34
2025-01-27,Team D,Mary,79,95.46,320,4.75,0,94.84
2025-04-19,Team B,Olivia,75,88.31,331,4.14,2,99.45
2025-12-01,Team A,Aaron,72,86.08,356,4.23,0,96.61
2025-07-22,Team D,Chris,112,92.38,382,4.2,4,98.24
2025-02-28,Team C,Aaron,110,97,219,4.17,4,92.58
2025-05-15,Team A,Emma,84,89.78,402,4.07,1,95.89
2025-10-22,Team D,David,102,91.45,304,4.31,2,95.34
2025-04-27,Team C,Grace,77,93.82,333,4.62,1,96.58
2025-03-18,Team C,David,105,92.95,248,4.37,4,95.14
2025-10-12,Team D,Sarah,84,92.81,327,4.84,1,93.75
2025-07-26,Team B,Kevin,98,91.07,208,4.64,1,95.23
2025-09-15,Team A,Mary,53,94.86,226,4.72,2,94.94
2025-01-05,Team D,Lisa,103,88.95,238,4.44,1,97.43
2025-05-29,Team B,Ryan,68,87.26,264,4.48,2,93.4
2025-09-28,Team B,Grace,64,90.24,298,4.67,5,95
2025-01-20,Team B,Sarah,91,92.49,295,3.82,1,95.52
2025-11-29,Team C,Nicole,102,95.15,319,5,3,96.45
2025-11-09,Team A,Emma,91,93,385,4.63,6,93.13
2025-08-10,Team D,Chris,90,91.06,305,4.57,0,94.01
2025-11-05,Team D,David,117,93.83,235,4.2,5,96.85
2025-09-18,Team C,Lisa,88,97.33,282,4.55,4,95.89
2025-02-18,Team A,Daniel,84,94.59,336,4.66,6,97.65
2025-05-17,Team B,Michael,86,97.52,325,4.48,1,96.55
2025-08-23,Team C,Chris,64,96.53,351,5,3,93.18
2025-03-04,Team D,Nicole,54,92.31,443,4.47,2,97.18
2025-07-20,Team B,John,70,95.48,360,4.33,2,97.98
2025-12-12,Team C,Nicole,68,89.84,285,4.35,2,98.64
2025-08-05,Team A,Sarah,97,93.38,373,4.8,2,95.47
2025-01-10,Team B,Ryan,78,95.61,298,4.39,3,99.19
2025-08-11,Team B,John,92,94.31,376,3.94,3,96.44
2025-04-02,Team A,Olivia,77,90.67,364,3.96,2,96.19
2025-07-01,Team D,Lisa,95,93.16,274,5,2,96.31
2025-01-25,Team C,Jason,90,92.38,326,4.94,3,95.36
2025-08-14,Team D,Michael,90,88.3,256,4.38,3,93.94
2025-12-22,Team D,Daniel,77,86.56,311,4.65,2,95.6
2025-05-03,Team B,Nicole,100,97.53,310,4.99,1,97.36
2025-10-29,Team D,Amy,53,94.95,325,4.51,1,96.94
2025-07-19,Team D,Kevin,88,91.02,322,4.61,3,95.63
2025-07-21,Team B,Olivia,119,87.03,375,4.53,1,95.99
2025-06-02,Team C,Sarah,71,93.4,217,4.14,1,97.36
2025-10-13,Team D,Kevin,82,96.34,321,5,1,94.59
2025-06-13,Team C,Chris,72,91.85,322,4.46,1,98.59
2025-12-05,Team D,Sophia,77,99.36,369,4.75,3,95.32
2025-10-22,Team A,Ryan,72,91.01,367,4.09,1,100
2025-02-05,Team A,Aaron,63,94.98,261,4.51,4,96.9
2025-03-05,Team D,Aaron,55,95.56,384,4.09,0,99.58
2025-04-18,Team C,Jason,107,95.79,381,4.88,1,91.8
2025-02-27,Team A,Aaron,101,98.13,252,4.02,1,97.92
2025-06-20,Team D,Ryan,72,88.86,308,4.13,1,99.25
2025-10-10,Team D,Ryan,86,96.22,315,5,4,93.76
2025-04-10,Team C,Ryan,56,92.46,373,5,2,97.42
2025-09-30,Team D,Sarah,84,92.74,334,4.54,0,94.05
2025-02-04,Team C,Alex,81,94.42,329,4.14,3,93.79
2025-03-29,Team C,Daniel,85,95,331,4.43,4,97.57
2025-08-18,Team A,Grace,87,90.76,286,4.59,0,95.53
2025-12-16,Team C,David,76,90.46,315,4.22,5,97.11
2025-06-12,Team D,Amy,102,94.77,367,4.46,1,98.15
2025-10-19,Team B,Kevin,91,95.05,368,4.07,2,95.56
2025-02-24,Team D,Nicole,71,92.24,323,4.35,1,97.06
2025-12-25,Team C,Rachel,67,95,383,4.37,2,93.56
2025-10-13,Team B,Olivia,81,90.7,314,4.25,4,96.39
2025-01-14,Team C,John,73,91.35,248,4.49,2,97.08
2025-04-19,Team B,Olivia,94,95.46,346,4.43,4,92.83
2025-10-20,Team D,Rachel,78,95.59,372,3.88,2,95.39
2025-10-06,Team C,Lisa,75,89.74,327,4.09,1,93.94
2025-08-17,Team A,Rachel,100,88.52,304,4.82,2,96.46
2025-06-30,Team A,Lisa,90,89.13,336,4.48,2,94.57
2025-09-24,Team C,Michael,97,93.12,414,4.34,0,96.57
2025-09-14,Team C,David,85,100,461,4.53,0,98.76
2025-12-31,Team D,Lisa,78,95.08,350,4.73,3,97.66
2025-06-30,Team D,Chris,84,97.01,291,4.15,4,94.24
2025-07-22,Team D,Aaron,77,93.11,360,4.2,2,93.22
2025-10-31,Team A,Kevin,73,92.63,294,4.51,2,96.43
2025-01-14,Team C,Olivia,94,94.04,367,4.68,1,98.18
2025-10-04,Team C,Nicole,95,93.21,419,4.97,2,97.15
2025-04-07,Team D,Lisa,69,90.24,329,4.71,0,93.19
2025-08-13,Team D,Aaron,82,93.3,356,4.38,0,96.53
2025-03-28,Team B,Michael,52,94.85,363,4.08,1,93.43
2025-04-26,Team C,Daniel,98,96.09,278,4.35,0,94.61
2025-01-21,Team D,Emma,81,94.12,328,4.23,0,97.65
2025-03-23,Team A,Daniel,92,92.74,418,4.67,3,96.2
2025-04-26,Team B,Lisa,81,97.46,330,4.64,3,95.85
2025-10-24,Team C,Ryan,110,94.79,360,4.35,1,97.53
2025-08-11,Team B,Michael,85,96.05,354,4.43,3,97.36
2025-08-02,Team A,Mary,78,93.31,296,4.51,1,94.27
2025-05-30,Team D,Sophia,105,91.02,330,4.43,2,97.33
2025-10-11,Team A,Emma,85,93.45,376,3.82,1,97.69
2025-06-04,Team D,David,71,90.34,286,4.25,5,95.63
2025-11-11,Team D,Sarah,84,88.5,292,4.14,1,95.77
2025-01-17,Team C,Ryan,89,93.42,257,4.14,1,100
2025-12-21,Team D,Lisa,69,90.87,334,4.26,1,100
2025-03-23,Team C,David,95,95.41,374,3.92,1,93.17
2025-09-01,Team A,David,96,92.28,222,4.24,1,100
2025-03-05,Team C,Mary,89,96.58,337,4.24,2,94.76
2025-11-28,Team B,Emma,78,96.77,327,4.26,3,93.95
2025-04-10,Team C,Daniel,87,89.37,353,4.15,1,94.93
2025-06-29,Team B,Ryan,74,92.76,326,4.36,1,95.56
2025-12-11,Team D,Olivia,96,92.47,397,4.25,1,97.19
2025-05-14,Team A,Chris,92,95.21,323,3.79,1,91.55
2025-08-28,Team D,Grace,83,90.7,295,4.16,1,98.48
2025-01-07,Team C,Lisa,73,87.7,348,4.51,1,95.34
2025-08-01,Team D,Grace,82,93.46,348,4.26,2,96.49
2025-03-27,Team A,Sarah,99,91.8,275,4.32,4,94.44
2025-07-29,Team D,Alex,65,96.2,287,4.56,3,95.73
2025-10-03,Team A,Kevin,76,84.45,323,3.85,1,96.68
2025-02-04,Team D,Daniel,72,94.19,253,4.56,3,99.55
2025-09-15,Team A,David,59,92.79,367,3.93,0,95.11
2025-06-23,Team A,Rachel,77,99.49,297,4.5,0,94.32
2025-04-01,Team D,Mary,67,91.81,452,4.48,2,98.82
2025-01-05,Team A,Ryan,59,93.39,332,4.34,2,93.75
2025-06-18,Team D,Ryan,115,95.43,321,4.25,0,95.14
2025-02-24,Team C,Grace,77,92.93,375,4.68,0,94.5
2025-10-20,Team D,Olivia,87,95.85,355,3.73,1,94.2
2025-06-13,Team D,Lisa,59,91.75,281,5,3,98.03
2025-12-15,Team D,Chris,77,93.72,332,4.29,4,93.89
2025-05-13,Team D,Rachel,92,92.82,329,4.05,2,94.78
2025-03-18,Team C,Aaron,84,87.64,377,3.82,3,95.17
2025-09-05,Team C,John,103,90.05,257,4.43,1,96.46
2025-02-28,Team A,Sophia,78,95.6,438,4.46,1,98.77
2025-08-06,Team D,Lisa,83,93.34,406,3.98,2,96.92
2025-05-17,Team B,Emma,65,90.49,320,4.82,1,94.8
2025-12-09,Team D,Ryan,90,91.19,398,4.67,2,94.88
2025-07-22,Team C,Michael,84,93.12,323,4.09,3,92.28
2025-07-30,Team B,Sarah,61,95.93,336,4.29,0,93.84
2025-02-12,Team A,Alex,69,94.23,286,4.5,3,97.45
2025-06-15,Team D,Michael,84,96.65,292,4.76,2,96.01
2025-09-09,Team C,Chris,63,96.12,384,4.18,2,94.69
2025-12-30,Team B,Rachel,78,98.72,338,4.43,1,94.74
2025-06-06,Team D,Olivia,80,94.37,270,4.44,1,93.83
2025-04-14,Team A,Amy,72,92.13,286,4.57,1,92.72
2025-04-16,Team C,Kevin,83,97.01,254,4.48,1,94.67
2025-01-06,Team C,Ryan,63,95.42,313,4.37,2,93.4
2025-02-25,Team A,John,107,89.97,319,4.17,1,92.63
2025-05-15,Team C,Daniel,68,97.33,319,4.38,0,94.64
2025-07-23,Team D,Sophia,93,93.46,251,4.62,4,95.09
2025-07-17,Team C,David,87,92.85,343,4.25,1,96.44
2025-09-07,Team D,Jason,60,88.39,336,4.28,1,95.75
2025-05-27,Team A,Mary,71,95.25,280,4.2,2,96.87
2025-03-29,Team B,Daniel,69,90.91,262,4.4,1,97.7
2025-01-08,Team A,Daniel,100,92.03,279,4.06,0,98.04
2025-01-19,Team B,Olivia,86,98.86,308,4.64,2,98.46
2025-06-11,Team C,David,92,92.71,327,4.5,0,97.38
2025-10-23,Team A,John,89,97.15,359,4.05,3,98.33
2025-09-14,Team A,Rachel,85,98.47,309,4.18,1,97.59
2025-08-16,Team D,Olivia,104,96.27,283,4.76,2,93.12
2025-11-10,Team B,Lisa,93,92.17,252,4.18,3,95.98
2025-08-03,Team A,Amy,53,97.16,346,4.81,2,93.67
2025-09-16,Team C,Daniel,91,91.28,379,3.93,0,94.53
2025-07-01,Team D,Jason,81,91.79,255,4.39,0,100
2025-02-02,Team C,Daniel,65,93.32,350,4.4,3,95.4
2025-08-17,Team D,Chris,51,96.21,354,5,1,96.53
2025-03-09,Team B,Chris,48,95.02,316,4.7,1,96.72
2025-12-28,Team A,Grace,66,98.2,314,4.39,0,97.92
2025-03-29,Team C,David,92,93.72,296,4.23,2,94.71
2025-06-19,Team C,Ryan,75,97.94,317,4.55,3,96.14
2025-08-12,Team B,Kevin,71,90.19,350,3.81,1,95.75
2025-11-28,Team D,David,100,96.39,315,4.04,1,95.03
2025-09-28,Team D,Daniel,89,90.72,368,4.64,2,99.13
2025-07-30,Team A,Aaron,96,93.8,432,4.14,0,93.45
2025-08-26,Team B,Grace,82,91.72,381,4.49,1,96.66
2025-08-22,Team C,David,91,87.2,383,4.66,1,94.41
2025-06-30,Team B,Grace,99,96.43,360,4.79,2,92.49
2025-08-04,Team A,Olivia,122,93.84,309,4.24,2,98.02
2025-02-22,Team A,Amy,113,91.22,346,4.61,2,96.53
2025-09-18,Team A,Lisa,79,95.21,321,4.27,1,95.48
2025-02-10,Team C,Olivia,57,94.72,378,4.21,0,94.56
2025-07-24,Team D,Jason,95,92.27,356,4.04,3,100
2025-07-09,Team C,Kevin,115,90.57,301,4.78,4,96.85
2025-05-04,Team B,Grace,90,91.29,381,4.04,1,95.72
2025-03-22,Team C,John,79,93.8,313,4.61,3,97.69
2025-08-16,Team B,Daniel,80,92.14,338,4.52,1,93.16
2025-11-26,Team B,Kevin,97,91.56,290,4.55,1,94.47
2025-11-11,Team A,Ryan,86,95.42,315,4.52,1,93.81
2025-05-25,Team A,John,84,91.9,331,4.62,2,96.65
2025-02-20,Team C,Kevin,64,92.22,216,4.67,2,97.26
2025-10-01,Team B,Rachel,69,100,249,4.52,2,92.57
2025-02-26,Team C,Mary,74,95.34,355,4.77,2,94.6
2025-07-02,Team D,Nicole,81,91.24,330,4.12,2,93.17
2025-09-08,Team C,Michael,95,93.59,383,4.85,2,90.54
2025-01-31,Team A,Kevin,97,94.4,321,4.67,3,98.06
2025-08-31,Team A,Rachel,79,94.02,294,4.15,2,97.42
2025-12-10,Team B,Sarah,94,92.82,282,4.68,2,95.68
2025-04-18,Team A,John,55,95.31,314,4.22,4,95.43
2025-09-07,Team C,Ryan,91,93.36,367,4.24,2,99.65
2025-03-18,Team B,Mary,93,90.45,280,4.22,1,94.33
2025-08-14,Team B,Amy,81,87,324,4.3,3,96.5
2025-07-10,Team C,Amy,72,91.87,307,4.39,5,99.49
2025-05-11,Team B,David,94,86.89,301,4.27,3,96.77
2025-09-20,Team C,Olivia,86,87.1,318,4.91,0,95.13
2025-10-07,Team A,David,85,93.57,341,5,2,93.32
2025-12-01,Team C,Aaron,64,93.79,338,3.95,2,94.23
2025-04-25,Team D,Sarah,98,92.93,320,4.3,5,96.81
2025-02-24,Team D,Sarah,108,91.96,394,4.38,4,95.66
2025-01-12,Team C,Sophia,51,91.75,301,4.34,1,96.69
2025-04-25,Team A,Ryan,73,95.28,330,4.36,3,95.83
2025-09-30,Team A,Emma,86,87.35,414,4.68,3,95.2
2025-07-01,Team C,Mary,68,93.07,366,4.43,5,97.06
2025-05-19,Team D,Sophia,83,90.51,394,4.56,2,94.96
2025-07-30,Team B,Sophia,79,86.77,347,4.69,1,95.01
2025-03-24,Team D,John,77,89.07,310,4.35,1,99.02
2025-04-15,Team B,Aaron,112,91.95,309,4.24,3,95.45
2025-12-18,Team B,Rachel,87,97.04,246,4.53,2,95.51
2025-09-03,Team B,Amy,70,96.55,257,4.36,2,93.89
2025-10-28,Team A,Nicole,92,90.9,405,4.27,3,96.39
2025-12-10,Team A,Kevin,97,96.78,298,4.75,2,93.97
2025-08-16,Team B,Nicole,113,89.43,278,4.83,3,96.23
2025-10-31,Team A,Nicole,53,94.45,406,4.46,1,97.06
2025-08-31,Team D,Grace,102,87.05,344,4.52,1,95.94
2025-04-07,Team B,Aaron,90,92.4,307,4.71,0,95.04
2025-03-11,Team A,Lisa,96,92.64,396,3.89,0,94.84
2025-01-08,Team A,Lisa,90,94.5,188,4.33,3,97.18
2025-05-05,Team D,Daniel,82,94.24,438,4.52,1,98.86
2025-08-02,Team B,Emma,74,92.23,380,4.67,0,96.58
2025-02-03,Team C,Mary,85,92.97,316,4.46,2,99.33
2025-02-11,Team D,Grace,83,98.64,362,4.76,4,97.45
2025-12-03,Team D,Sophia,108,90.68,245,4.2,2,94.64
2025-12-13,Team B,Lisa,89,92.71,299,3.9,0,95.24
2025-05-05,Team C,John,90,90.2,309,4.38,2,98.2
2025-12-22,Team D,Alex,83,91.86,340,4.1,4,99.16
2025-06-29,Team B,Kevin,89,92.77,323,4.68,3,96.03
2025-03-25,Team C,Olivia,108,93.23,413,4.49,2,96.76
2025-08-06,Team A,Olivia,80,94.45,249,4.34,5,95.56
2025-10-05,Team B,Kevin,92,98.75,216,4.39,3,97.74
2025-02-08,Team D,Grace,64,88.82,377,4.71,1,96
2025-06-24,Team C,Sophia,59,90.5,334,4.61,2,97.59
2025-10-13,Team A,Emma,81,92.58,309,4.3,4,96
2025-06-01,Team C,Emma,84,95.23,327,3.83,1,93.22
2025-12-18,Team D,Michael,68,92.89,271,4.33,2,93.16
2025-09-16,Team C,Amy,77,94.28,435,4.6,4,95.34
2025-05-08,Team B,Sarah,92,97.77,250,3.97,1,96.53
2025-04-08,Team D,Alex,91,98.98,317,4.37,1,95.11
2025-03-24,Team D,Lisa,85,88.49,343,3.87,2,96.53
2025-02-26,Team D,Amy,78,94.04,279,4.23,0,92.74
2025-02-05,Team D,David,88,93.81,230,4.32,1,95.35
2025-03-29,Team D,Kevin,80,91.47,406,4.67,2,95.06
2025-05-10,Team C,Lisa,98,94.74,251,4.8,0,95.9
2025-10-13,Team C,Mary,85,92.37,363,4.1,5,99.89
2025-04-20,Team A,Amy,73,92.86,295,4.32,1,95
2025-10-16,Team A,Mary,56,92,417,4.3,0,97.59
2025-10-29,Team A,Sophia,75,90.17,307,4.6,2,95.03
2025-07-01,Team A,Nicole,75,96.25,302,5,4,97.79
2025-09-18,Team B,Michael,72,90.82,379,4.23,1,96.19
2025-12-12,Team A,Michael,86,92.65,288,4.33,3,96.27
2025-12-02,Team D,Jason,98,95,325,4.53,3,96.73
2025-07-06,Team A,Chris,65,90.02,374,4.99,2,95.29
2025-11-05,Team A,Grace,83,93.2,294,3.87,0,98.87
2025-11-11,Team A,Ryan,79,91.85,368,4.61,1,94.62
2025-09-07,Team C,Sarah,81,91.98,271,4.57,2,93.09
2025-04-27,Team D,Aaron,81,88.96,355,4.39,1,98.12
2025-03-20,Team C,Sarah,97,90.84,365,3.87,1,96.87
2025-10-24,Team C,Grace,92,97.19,292,4.16,0,98.73
2025-11-04,Team D,Alex,100,94.58,327,4.35,4,91.02
2025-11-05,Team B,John,104,92.4,362,4.29,4,95.82
2025-02-26,Team C,Grace,86,97.53,381,4.3,1,93.73
2025-03-30,Team D,Michael,86,92.3,223,4.4,0,92.28
2025-04-19,Team D,Emma,91,93.72,229,4.92,4,96.6
2025-11-16,Team A,Nicole,51,93.44,330,4.07,2,98.7
2025-09-24,Team B,Daniel,80,96.02,322,5,3,97.93
2025-04-26,Team C,Daniel,60,94.78,368,3.62,3,96.58
2025-07-10,Team C,Rachel,89,95.79,331,4.52,6,98.73
2025-07-26,Team C,Sophia,90,91.77,275,4.53,0,92.83
2025-12-02,Team B,Sarah,89,89.3,384,4.08,4,94.99
2025-02-01,Team A,Ryan,80,92.85,310,4.19,2,95.91
2025-01-03,Team C,Alex,87,93.43,334,4.64,2,98.1
2025-05-25,Team A,David,76,93.76,367,4.38,1,94.79
2025-09-02,Team C,Daniel,99,95.98,337,4.66,1,98.51
2025-01-02,Team B,Olivia,51,92.63,202,4.09,1,93.63
2025-03-01,Team C,Ryan,81,98.66,281,4.47,0,98.26
2025-08-17,Team C,Mary,90,88.57,232,4.21,4,98.69
2025-03-04,Team C,Grace,86,95.67,345,4.43,3,91.8
2025-06-15,Team D,Grace,60,91.27,368,4.55,2,94.53
2025-06-08,Team A,Alex,92,98.43,311,4.28,1,95.57
2025-05-02,Team C,Sarah,83,96.34,434,4.28,0,95.99
2025-07-05,Team A,Michael,68,93.8,364,4.18,1,92.31
2025-04-24,Team A,Chris,66,91.2,292,4.4,2,98.42
2025-03-23,Team B,Ryan,91,93.38,267,4.23,3,96.19
2025-01-31,Team C,Grace,82,99.4,381,4.53,3,96.27
2025-08-05,Team D,Sarah,62,94.04,324,4.46,0,99.48
2025-11-14,Team C,Mary,103,90.6,359,4.14,2,94.04
2025-06-29,Team B,Emma,92,93.1,279,4.32,2,94.71
2025-08-12,Team D,Chris,72,89.86,336,4.43,2,92.12
2025-07-22,Team A,Jason,78,89.04,281,4.21,3,94.93
2025-07-25,Team D,John,95,93.79,309,4.33,4,97.46
2025-12-04,Team B,Lisa,71,99.98,414,4.57,2,93.16
2025-12-26,Team D,Daniel,106,94.37,268,4.33,2,97.45
2025-10-05,Team A,Chris,69,90.41,225,3.73,3,95.24
2025-06-22,Team B,Nicole,84,97.56,265,4.17,0,92.42
2025-01-05,Team A,Olivia,37,92.81,390,4.55,1,94.46
2025-11-05,Team C,Sophia,94,93.3,238,4.03,2,94.65
2025-05-09,Team A,Sarah,68,94.13,326,4.51,0,97.32
2025-11-29,Team D,Emma,80,96.34,263,4.24,0,95.56
2025-04-14,Team B,Ryan,86,96.76,291,4.53,1,98.24
2025-06-24,Team A,Aaron,95,94.18,310,4.22,2,95.5
2025-11-27,Team C,Daniel,84,93.2,332,4.11,1,96.72
2025-06-14,Team C,Michael,91,95.6,308,4.18,2,96.58
2025-12-26,Team A,Sophia,91,92.44,355,4.19,0,97.18
2025-06-11,Team B,Sarah,86,95.8,288,4.3,3,96.41
2025-03-30,Team C,Amy,101,94.92,335,4.6,2,92.85
2025-12-20,Team C,Grace,94,91.76,263,4.24,3,98.35
2025-05-20,Team D,David,71,90.73,388,4.8,2,92.19
2025-12-04,Team B,Lisa,96,97.84,265,4.48,1,93.22
2025-12-10,Team D,Nicole,78,95.58,297,3.94,1,96.34
2025-04-15,Team A,Alex,84,94.81,363,4.5,4,94.86
2025-08-31,Team A,Grace,92,93.91,271,4.91,2,94.86
2025-04-14,Team A,Grace,103,89.88,285,4.67,2,94.2
2025-11-07,Team D,Ryan,99,91.78,362,4.39,1,92.95
2025-09-18,Team D,Jason,48,93.58,221,4.51,1,93.33
2025-01-20,Team D,Mary,75,92.72,240,4.21,2,94.96
2025-06-03,Team B,Sophia,46,99.09,404,4.43,2,95.37
2025-03-14,Team A,Daniel,99,96.69,241,3.93,1,96.42
2025-04-05,Team A,Ryan,116,100,364,4.2,2,94.83
2025-07-13,Team B,Daniel,102,96.27,291,3.48,1,94.69
2025-02-13,Team A,Grace,46,91.98,386,4.26,1,96.31
2025-11-18,Team A,Kevin,62,95.01,292,4.55,2,94.16
2025-05-22,Team C,Olivia,96,97.49,346,4.87,5,96.54
2025-07-24,Team C,Emma,101,95.7,286,4.37,0,94.83
2025-01-30,Team D,Emma,70,95.72,226,4.41,0,94.04
2025-10-09,Team A,Jason,96,91.36,307,4.54,3,95.32
2025-12-29,Team A,Ryan,87,95.55,362,4.47,7,94.17
2025-02-24,Team C,Rachel,54,91.11,294,4.55,1,97.58
2025-02-01,Team B,Sophia,77,95.45,281,4.37,1,96.65
2025-05-01,Team B,Emma,86,89.4,335,4.18,4,99.19
2025-08-28,Team A,Sophia,61,90.23,282,4.27,0,97.86
2025-01-17,Team D,Rachel,73,89.34,291,4.3,1,94.81
2025-03-17,Team D,Amy,81,98.08,301,4.39,2,95.9
2025-01-06,Team A,Grace,103,97.59,299,4.93,3,97.81
2025-06-06,Team C,Aaron,78,94.64,306,4.09,1,97.51
2025-12-03,Team D,Sarah,87,94.15,272,4.41,2,96.58
2025-06-20,Team B,Alex,70,90.38,353,4.42,2,94.06
2025-06-05,Team A,Jason,67,91.44,245,3.95,1,98.52
2025-03-08,Team C,Amy,77,90.6,310,4.57,0,95.97
2025-10-18,Team A,Jason,68,92.78,371,4.36,1,97.96
2025-08-14,Team D,Grace,74,94.61,306,4.98,0,99.18
2025-11-09,Team D,Emma,100,95.59,324,4.59,2,95.49
2025-08-07,Team A,Ryan,75,86.93,180,4.58,2,95.29
2025-03-12,Team C,John,101,96.41,353,4.2,4,95.84
2025-04-13,Team A,Nicole,94,92.12,272,4.54,0,98.45
2025-02-21,Team B,Amy,76,96.63,351,4.3,3,97.06
2025-10-07,Team C,David,87,98.5,306,4.18,0,93.6
2025-04-26,Team B,Sarah,103,93.58,339,4.09,1,97.61
2025-11-26,Team D,Ryan,54,96.04,293,4.5,2,93.75
2025-05-12,Team D,Alex,117,88.57,349,4.27,2,95.72
2025-08-03,Team C,Kevin,58,94.14,287,4.14,3,91.69
2025-01-08,Team D,Sarah,105,94.24,309,4.08,3,98.39
2025-01-13,Team B,Kevin,61,100,301,4.08,3,94.8
2025-12-06,Team B,Emma,92,97.4,304,4.46,1,95.22
2025-07-15,Team C,Grace,69,99.02,334,4.41,1,98.52
2025-06-06,Team B,Emma,45,87.61,239,4.75,2,97.36
2025-05-12,Team C,Aaron,59,95.42,388,4.64,2,97.07
2025-12-23,Team C,Nicole,88,90.65,324,4.87,5,98.09
2025-01-16,Team B,Michael,123,92.85,285,4.36,0,98.77
2025-12-02,Team A,Grace,80,92.45,364,4.13,1,96.25
2025-03-01,Team D,Emma,108,92.06,298,3.96,1,93.74
2025-03-13,Team C,Nicole,67,93.84,180,4.09,1,98.27
2025-12-27,Team C,John,55,95.05,362,4.73,4,94.45
2025-03-02,Team B,Olivia,121,92.84,213,3.75,2,93.81
2025-12-10,Team A,Rachel,83,91.5,244,4.28,3,97.6
2025-08-10,Team D,Sarah,88,90.38,386,4.5,1,93.5
2025-01-19,Team B,Ryan,54,94.17,258,4.17,0,98.31
2025-07-29,Team B,Rachel,95,97.62,354,3.92,1,93.03
2025-12-19,Team B,David,95,94.15,324,4.23,2,95.49
2025-08-23,Team B,Rachel,74,85.88,334,4.01,3,97.04
2025-02-20,Team D,Lisa,104,88.14,362,4.18,1,96.6
2025-02-06,Team D,Daniel,86,92.7,393,4.03,1,96.69
2025-05-20,Team D,Mary,59,94.8,300,4.72,3,100
2025-11-16,Team A,Jason,73,92.59,227,4.6,4,94.82
2025-07-31,Team D,Daniel,43,93.65,287,4.29,2,95.23
2025-04-20,Team C,Daniel,67,93.94,334,4.87,2,100
2025-02-23,Team B,Sarah,84,93.56,336,4.49,1,95.59
2025-10-10,Team A,Amy,65,93.93,280,4.19,1,98
2025-01-15,Team B,Jason,115,96.47,293,4.18,5,96.35
2025-10-11,Team A,Jason,103,93.67,313,4.64,3,92.73
2025-11-27,Team D,Sophia,72,93.32,346,3.64,3,99.42
2025-11-28,Team D,Aaron,75,100,286,4.89,1,94.83
2025-11-28,Team D,Nicole,57,92.96,338,4.42,3,95.69
2025-08-31,Team A,Amy,87,97.87,289,4.14,2,95.99
2025-02-15,Team D,Alex,69,93.56,373,4.03,2,95.76
2025-07-31,Team B,Daniel,58,95.26,346,4.41,5,97.81
2025-12-15,Team D,Jason,69,87.32,250,4.48,2,98.07
2025-10-03,Team A,Sarah,82,92.11,369,3.93,0,93.64
2025-03-20,Team C,Lisa,90,90.94,321,4.17,1,95.75
2025-08-02,Team C,Sarah,84,95.95,304,4.62,2,93.9
2025-01-30,Team A,Lisa,72,88.7,369,4.8,1,95.7
2025-08-18,Team B,Aaron,67,94.35,326,4.4,0,96.42
2025-03-23,Team B,Rachel,76,87.77,271,4.18,3,95.1
2025-05-18,Team A,John,88,94.03,300,4.37,3,97.57
2025-02-16,Team B,Nicole,85,97.86,353,4.63,4,94.42
2025-06-05,Team A,Sophia,89,99.38,322,4.37,4,99.1
2025-10-28,Team D,Rachel,91,91.46,262,4.41,4,97.33
2025-10-19,Team B,Chris,90,92.68,277,4.47,4,92.83
2025-11-29,Team A,Olivia,82,96.82,338,4.89,3,93.72
2025-07-29,Team D,Emma,96,94.75,352,4.26,1,98.86
2025-02-12,Team B,Grace,74,95.08,280,4.06,2,97.74
2025-08-10,Team B,Jason,99,95.55,353,4.23,1,95.2
2025-06-18,Team D,Michael,78,96.75,296,4.02,1,98.95
2025-02-04,Team A,Chris,91,91.97,414,4.68,3,99
2025-05-21,Team A,Lisa,90,94.89,354,4.43,1,97.17
2025-10-24,Team A,David,69,93.33,302,4.47,3,93.27
2025-05-20,Team C,Daniel,78,93.31,281,5,3,93.5
2025-02-26,Team B,Sarah,67,92.96,302,4.01,0,99.38
2025-09-27,Team C,David,70,94.97,274,4.54,1,96.32
2025-02-10,Team B,Mary,104,94.22,317,4.09,3,94.27
2025-08-27,Team D,John,54,94.15,311,4.57,5,96.98
2025-04-25,Team D,Chris,72,86.76,382,4.1,1,97.23
2025-02-09,Team C,Chris,77,90.66,396,3.59,3,97.97
2025-08-23,Team B,Ryan,89,93.57,376,4.18,4,92.72
2025-02-26,Team D,Jason,69,89.63,411,4.96,0,93.32
2025-07-05,Team C,Nicole,102,90.95,292,3.97,4,97.52
2025-06-22,Team D,Sophia,67,96.46,316,4.37,2,95.85
2025-07-19,Team A,Amy,88,87.86,313,4.07,1,100
2025-04-11,Team B,Alex,113,94.06,228,4.54,2,94.9
2025-10-01,Team A,Sophia,91,96.17,360,4.47,3,96.94
2025-08-15,Team B,Alex,89,96.5,364,4.71,1,97.9
2025-12-24,Team D,John,110,93.02,463,4.65,2,95.6
2025-10-03,Team C,Amy,82,88.91,339,4.45,0,99.15
2025-06-07,Team B,Daniel,62,92.98,272,4.35,0,96.84
2025-06-17,Team A,Nicole,91,91.22,343,3.87,1,94.74
2025-07-31,Team C,Olivia,80,98.51,326,4.67,1,94.48
2025-11-04,Team B,Michael,88,92.67,336,4.58,1,91.64
2025-08-29,Team A,Sarah,79,85.68,256,4.67,1,93.55
2025-05-31,Team B,Jason,83,97.77,299,4.7,3,95
2025-02-03,Team A,Jason,98,90.64,343,4.88,1,98.45
2025-11-03,Team A,Mary,73,92.16,280,4.7,3,96.98
2025-09-10,Team B,Daniel,118,89.27,386,5,0,97.04
2025-07-01,Team B,Olivia,87,90.98,281,4.57,1,95.73
2025-08-07,Team C,Chris,94,97.99,361,4.3,2,97.89
2025-12-24,Team D,Jason,90,93.49,324,4,2,96.47
2025-10-09,Team D,Jason,89,89.45,321,4.98,0,95.5
2025-08-07,Team D,Amy,92,91.2,372,4.37,4,94.01
2025-02-13,Team D,Kevin,68,89.21,244,4.01,3,95.9
2025-02-04,Team B,Daniel,93,90.11,406,4.59,2,94.58
2025-12-11,Team B,Mary,73,90.25,311,3.99,1,95.16
2025-02-01,Team B,Sophia,87,92.83,374,4.62,2,99.52
2025-04-25,Team B,Emma,69,90.28,346,5,1,97.84
2025-05-09,Team C,Ryan,84,95.44,236,4.35,0,95.05
2025-06-25,Team C,Alex,92,89.85,286,4.87,0,94.34
2025-04-07,Team C,Sarah,102,91.7,393,4.72,6,93.76
2025-07-15,Team B,Sarah,107,91.48,384,4.4,4,100
2025-11-12,Team C,Lisa,89,88.26,301,4.73,1,95.93
2025-07-01,Team A,John,48,88.56,379,4.43,2,91.31
2025-12-24,Team A,Lisa,80,92.04,267,4.36,1,96.62
2025-06-03,Team A,David,57,94.45,311,4.34,4,95.75
2025-01-23,Team D,Grace,97,93.39,326,3.64,4,95.04
2025-11-28,Team C,Daniel,90,91.96,239,4.52,2,96.57
2025-07-10,Team B,Emma,116,96.87,290,4.41,3,96.09
2025-06-19,Team C,Chris,56,93.5,345,4.57,3,93.16
2025-09-25,Team D,Olivia,101,94.56,264,4.26,2,92.72
2025-12-05,Team D,Lisa,90,94.51,317,4.48,2,96.64
2025-07-03,Team C,Nicole,120,93.91,323,4.24,5,97.08
2025-06-06,Team A,Amy,70,95.88,312,4.43,2,99.88
2025-07-05,Team C,Grace,104,92.62,366,4.36,0,95.41
2025-10-11,Team D,Ryan,82,94.59,195,4.5,2,98.44
2025-03-28,Team B,Amy,85,92.06,340,4.33,2,99.82
2025-05-30,Team C,David,77,92.57,326,4.24,4,96.28
2025-10-13,Team D,Lisa,86,90.05,341,4.11,2,99.16
2025-09-01,Team B,Alex,39,93.13,330,4.07,0,97.29
2025-07-08,Team C,Lisa,64,99.28,270,5,1,91.27
2025-02-01,Team B,John,96,90.61,361,4.54,4,99.83
2025-12-20,Team A,Michael,86,92.6,269,4.43,4,98.82
2025-09-02,Team A,Nicole,107,88.21,366,4.8,2,94.36
2025-03-30,Team D,Sarah,85,100,318,4.52,4,91.03
2025-05-09,Team C,John,102,100,303,4.2,4,92.6
2025-03-19,Team B,Chris,83,97.61,300,3.96,1,97.35
2025-04-18,Team C,Grace,73,99.39,299,4.63,1,93.04
2025-05-06,Team C,Aaron,57,92.49,288,4.13,1,96.29
2025-03-13,Team D,Jason,82,94.2,363,4.49,2,97.69
2025-02-13,Team C,Kevin,84,93.45,317,4.22,2,96.39
2025-04-05,Team D,Grace,86,93.77,194,4.03,3,94.71
2025-03-03,Team C,Alex,69,88.85,233,4.08,4,97.3
2025-03-17,Team A,John,109,97.44,344,4.64,2,99.34
2025-10-18,Team A,Ryan,91,92.28,453,4.04,0,97.81
2025-12-04,Team C,Rachel,81,95.26,323,4.36,3,98.03
2025-12-26,Team B,Kevin,92,92.76,244,4.27,0,96.69
2025-06-13,Team B,Alex,64,88.19,259,3.91,2,95.35
2025-07-18,Team C,Grace,65,90.37,331,4.35,3,95.87
2025-04-13,Team A,Kevin,82,95.08,300,3.71,2,93.15
2025-10-14,Team B,Sophia,85,94.84,303,4.01,1,97.1
2025-06-27,Team D,Grace,62,93.55,315,4.06,4,94.41
2025-07-18,Team A,Kevin,81,93.79,372,4.37,0,97.12
2025-09-27,Team B,Jason,80,96.91,272,4.54,4,99.37
2025-11-17,Team A,Lisa,107,89.52,255,3.55,2,95.21
2025-02-28,Team B,Rachel,82,95.76,266,4.02,4,98.03
2025-10-10,Team C,David,103,90.45,320,4.16,1,97.48
2025-05-06,Team A,Chris,69,93.85,368,4.5,3,97.47
2025-07-24,Team C,Rachel,75,91.16,314,4.12,2,94.27
2025-06-29,Team D,Jason,94,91.96,256,4.36,1,94.78
2025-03-08,Team B,Grace,88,92.35,312,4.7,1,95.83
2025-06-03,Team B,Kevin,76,93.07,339,4.39,0,97.64
2025-07-19,Team C,Michael,87,95.36,331,4.02,1,94.89
2025-10-09,Team A,Grace,83,89.23,342,4.84,3,95.22
2025-05-03,Team B,Sarah,85,97.46,263,4.55,3,97.46
2025-12-22,Team A,Kevin,73,96.61,340,4.35,0,95.75
2025-05-28,Team A,John,88,90.5,330,4.61,0,97.69
2025-06-03,Team C,Aaron,88,92.59,262,4.31,2,96.75
2025-03-28,Team C,Michael,109,96.91,328,4.21,2,95.97
2025-01-27,Team A,Jason,83,93.52,417,4.82,2,94.39
2025-11-08,Team D,Ryan,81,94.31,339,4.06,3,95.31
2025-05-24,Team D,Kevin,56,88.45,260,4.18,0,96.39
2025-05-29,Team B,Sarah,74,94.29,390,4.76,2,95.52
2025-07-27,Team C,Jason,104,92.36,360,4.6,3,96.47
2025-12-03,Team B,Grace,81,89.94,337,4.67,1,94.1
2025-08-10,Team B,Lisa,102,94.69,354,4.38,2,94.38
2025-10-25,Team B,Rachel,83,96.59,361,3.88,4,97.2
2025-11-15,Team C,Alex,80,91.65,351,3.93,7,94.72
2025-02-27,Team A,Nicole,70,94.19,342,4.23,2,95.73
2025-06-07,Team D,Olivia,106,95.29,332,4.18,0,100
2025-11-03,Team A,Chris,74,94.73,348,4.51,2,99.61
2025-05-31,Team D,Olivia,71,93.78,353,4.62,2,95.5
2025-06-28,Team D,Ryan,86,91.88,258,4.3,5,97.02
2025-01-26,Team D,Daniel,52,89.47,364,4.99,3,96.75
2025-12-21,Team B,Jason,79,92.66,291,4.01,3,98.43
2025-08-12,Team D,Rachel,90,95.28,368,4.55,2,93.02
2025-03-27,Team A,Ryan,74,92.04,376,3.92,1,97.7
2025-02-18,Team A,Alex,96,91.57,310,3.91,5,96.91
2025-03-28,Team A,Sophia,79,88.24,322,4.52,0,95.25
2025-03-05,Team A,Nicole,96,91.94,392,4.28,1,96.57
2025-04-29,Team B,Sarah,84,93.88,313,4.66,2,97.64
2025-04-08,Team C,Kevin,95,88.93,286,4.27,6,96.39
2025-06-18,Team C,Olivia,134,94.66,354,4.93,0,99.95
2025-08-25,Team A,Nicole,97,95.82,322,4.83,3,90.34
2025-09-04,Team B,Michael,93,87.81,338,4.79,0,97.02
2025-08-11,Team D,Kevin,61,92.15,260,4.53,4,93.82
2025-11-22,Team B,Emma,105,92.87,326,4.48,6,100
2025-08-23,Team D,Olivia,80,89.9,371,4.34,4,96.28
2025-07-30,Team D,Jason,79,96.47,327,4.88,2,94.51
2025-08-31,Team D,Alex,99,93.74,235,4.16,3,94.4
2025-06-21,Team B,Mary,73,91.08,286,4.51,2,98.17
2025-07-28,Team B,Nicole,63,93.14,331,4.6,5,97.11
2025-11-05,Team B,John,79,93.09,334,4.59,2,95.45
2025-12-20,Team A,Emma,67,95.95,325,4.39,0,97.93
2025-09-13,Team D,Nicole,57,96.43,319,4.44,2,92.93
2025-03-12,Team D,Sophia,93,91.96,418,4.8,0,95
2025-03-13,Team B,Grace,83,93.09,393,4.86,0,99.77
2025-12-04,Team C,Grace,71,97.42,403,4.12,1,94.85
2025-06-07,Team D,Jason,72,90.87,280,4.55,0,93.05
2025-04-22,Team A,Michael,70,94.48,304,4.34,3,98.75
2025-02-28,Team A,Grace,107,95.39,378,4.77,4,97.43
2025-06-15,Team D,Mary,84,87.55,372,4.78,4,92.34
2025-11-28,Team B,Aaron,94,89.33,342,4.34,1,97.78
2025-05-04,Team B,Emma,108,90.2,328,4.96,3,95.32
2025-01-14,Team D,David,77,96.54,271,4.14,0,96.29
2025-07-08,Team D,Sarah,83,90.91,236,4.53,1,98.04
2025-12-25,Team B,Ryan,89,90.53,280,3.46,3,97.48
2025-08-01,Team B,David,92,92.9,393,4.41,3,99.88
2025-09-11,Team C,Aaron,76,95.86,334,4.26,3,96.59
2025-08-27,Team D,Amy,114,93.47,354,3.88,1,96.29
2025-10-08,Team B,John,68,91.48,425,4.41,3,97.49
2025-05-09,Team B,Jason,66,93.31,267,4.33,5,93.51
2025-09-10,Team D,Amy,69,91.79,333,3.93,1,94.65
2025-07-13,Team D,David,70,93.61,328,4.4,1,94.43
2025-02-26,Team D,Aaron,70,96.97,330,4.44,4,97.99
2025-01-07,Team A,Rachel,82,93.38,330,4.52,1,96.52
2025-02-14,Team B,Rachel,88,95.99,331,4.24,5,93.59
2025-09-22,Team C,Amy,94,96.01,314,4.16,2,97.08
2025-06-25,Team B,Lisa,41,93.54,299,5,2,95.17
2025-12-18,Team D,Sarah,58,97.54,330,3.9,3,99.55
2025-05-25,Team B,Alex,82,95.14,412,5,3,96.3
2025-08-25,Team D,Amy,101,97.8,261,4.31,0,97.92
2025-06-04,Team D,Ryan,104,95.88,344,4.91,2,96.5
2025-12-11,Team D,Emma,97,92.05,361,4.4,2,93.19
2025-03-16,Team D,Rachel,114,86.95,347,4.41,0,95.31
2025-06-07,Team A,Aaron,100,91.61,321,4.1,1,97.11
2025-05-12,Team D,Nicole,76,93.79,325,4.71,3,95.13
2025-02-16,Team B,Ryan,74,95.47,258,4.29,1,94.17
2025-05-06,Team D,Mary,68,93.81,256,4.71,3,95.04
2025-01-24,Team B,Emma,76,91.1,309,4.53,3,97.5
2025-11-08,Team A,Rachel,88,94.6,345,4.2,1,94.08
2025-05-01,Team B,Chris,83,90.86,377,4.87,4,95.93
2025-06-25,Team D,Lisa,103,90.35,335,4.14,2,95.37
2025-10-05,Team C,Olivia,77,94.82,317,4.7,2,96.93
2025-07-11,Team B,Mary,86,94.06,337,4.47,4,95.94
2025-09-29,Team D,Olivia,50,90.53,278,4.3,2,97.54
2025-11-08,Team C,Sophia,71,94.66,346,4.57,2,94.23
2025-02-15,Team B,Daniel,108,91.17,310,4.68,1,92.8
2025-05-26,Team C,Jason,85,92.36,273,4.56,1,95.28
2025-12-01,Team B,Sophia,95,91.84,307,3.85,1,97.98
2025-03-29,Team B,Aaron,96,91.48,300,4.49,1,95.66
2025-09-23,Team C,John,88,95.35,309,4.28,0,94.63
2025-03-01,Team B,Amy,74,93.91,332,4.37,1,93.93
2025-02-14,Team A,Lisa,103,94.97,208,4.64,1,97.53
2025-01-26,Team B,Mary,98,93.99,272,4.09,2,100
2025-04-18,Team D,Ryan,88,91.51,314,4.35,2,100
2025-05-15,Team D,Alex,86,93.36,296,4.56,3,97.58
2025-02-14,Team C,Rachel,110,99.25,232,4.72,3,94.67
2025-11-08,Team C,Sophia,76,93.95,329,4.54,0,95.88
2025-08-19,Team B,Amy,102,95.17,390,4.53,3,95.39
2025-12-02,Team B,Nicole,92,94.83,246,4.49,2,95.47
2025-04-17,Team C,Sarah,62,94.01,321,4.52,2,96.86
2025-10-22,Team A,Aaron,98,97.36,279,4.28,0,95.61
2025-10-27,Team C,Chris,100,95.52,281,3.96,2,95.7
2025-12-29,Team A,Michael,82,90.91,338,4.5,2,94.66
2025-07-24,Team C,Grace,91,94.46,220,4.72,1,97.85
2025-12-05,Team A,Rachel,95,94.51,318,4.1,6,95.19
2025-12-04,Team D,Chris,83,93.61,285,4.47,3,95.09
2025-04-21,Team C,Aaron,99,94.72,363,4.27,5,93.97
2025-09-01,Team B,Jason,97,94.44,376,4.65,1,96.69
2025-10-03,Team D,Jason,86,95.17,333,4.23,2,96.41
2025-11-26,Team C,Michael,105,94.1,307,4.43,2,97.11
2025-04-10,Team B,Amy,94,95.51,362,4.19,2,95.67
2025-02-03,Team C,Olivia,90,92.71,237,4.5,0,96.03
2025-07-06,Team C,Sarah,62,93.03,295,4.21,0,97.91
2025-10-24,Team C,David,68,93.9,351,4.64,2,94.07
2025-03-10,Team C,Aaron,84,93,295,3.91,0,97.29
2025-06-10,Team D,Emma,91,93.9,312,4.35,1,92.95
2025-02-02,Team B,Michael,42,91.61,332,4.55,1,96.54
2025-12-21,Team B,Emma,75,94.34,332,4.37,1,95.91
2025-07-21,Team B,Mary,87,95.18,329,4.4,4,98.2
2025-03-31,Team B,John,82,93.87,332,4.79,1,96.2
2025-05-22,Team D,Chris,77,100,278,4.79,1,95.74
2025-08-13,Team C,Emma,91,94.4,274,4.42,1,95.13
2025-04-23,Team A,Sarah,73,90.89,229,4.14,1,94.51
2025-11-16,Team C,Rachel,97,99.38,341,3.63,4,97.14
2025-08-21,Team A,Mary,110,95.16,316,4.93,2,98.74
2025-07-08,Team B,Amy,67,92.76,286,4.22,0,99.31
2025-09-18,Team D,Sophia,93,90.59,261,4.11,1,97.61
2025-09-22,Team B,Mary,73,90.01,284,3.99,2,96.23
2025-09-02,Team C,Rachel,78,90.61,300,4.18,4,94.61
2025-11-23,Team A,Chris,71,91.45,328,4.13,3,90.86
2025-06-12,Team A,Emma,77,94.03,362,4.68,1,93.41
2025-06-24,Team C,Rachel,112,93.24,311,4.56,2,97.17
2025-05-09,Team B,Daniel,88,88.61,387,4.28,3,93.36
2025-10-16,Team B,Amy,84,91.86,274,4.8,2,94.83
2025-12-19,Team D,Nicole,68,90.38,378,4.54,0,95.44
2025-10-11,Team D,Amy,72,87.3,228,3.97,3,95.85
2025-11-12,Team B,Michael,75,97.87,279,4.37,4,94.59
2025-12-27,Team D,Amy,108,91.79,335,4.38,1,98.32
2025-11-03,Team B,Olivia,79,89.81,294,4.29,1,99.84
2025-11-07,Team D,Michael,100,94.74,431,4.16,2,91.43
2025-12-15,Team C,Alex,85,91.69,370,4.7,3,99.01
2025-08-08,Team B,Lisa,62,92.99,310,4.88,2,91.58
2025-07-12,Team A,John,84,91.32,302,4.14,3,96.37
2025-05-24,Team D,Alex,53,95.87,202,4.59,2,96.97
2025-01-10,Team A,Alex,102,94.35,289,4.41,4,93.56
2025-02-26,Team A,Rachel,96,95.61,304,4.38,1,96.5
2025-03-04,Team D,Jason,75,89.87,410,4.58,1,97.26
2025-02-20,Team A,David,119,93.17,349,4.07,1,97.3
2025-12-27,Team B,Michael,95,92.24,325,4.79,2,95.08
2025-11-08,Team A,Lisa,53,90.07,333,4.16,4,98.51
2025-02-23,Team A,Nicole,86,87.4,340,4.22,0,97.14
2025-11-30,Team B,Olivia,92,94.14,324,4.42,4,99.39
2025-05-06,Team C,Michael,115,96.79,286,4.72,2,91.85
2025-03-24,Team C,Olivia,77,93,340,4.43,1,93.99
2025-04-11,Team D,Michael,92,93.72,305,4.7,2,97.59
2025-11-12,Team D,Kevin,92,93.57,322,4.17,1,96.35
2025-03-13,Team A,Mary,78,89.75,350,4.5,0,94.36
2025-10-12,Team C,Aaron,64,94.2,321,4.43,1,96.92
2025-02-05,Team A,Alex,89,96.61,233,4.34,3,93.81
2025-03-23,Team A,Rachel,74,87.57,393,4.41,2,93.9
2025-12-03,Team B,Kevin,61,96.89,357,4.71,0,95.33
2025-01-02,Team A,Aaron,90,92.45,312,4.69,1,95.07
2025-04-02,Team B,Emma,74,88.05,313,4.2,2,96.9
2025-12-31,Team C,Rachel,105,93.02,291,4.19,2,93.7
2025-08-23,Team A,Chris,75,86.11,330,4.32,2,93.81
2025-10-03,Team A,Sophia,82,98.93,363,4.53,2,93.29
2025-08-16,Team B,Jason,79,93.87,305,4.6,2,98.53
2025-09-22,Team C,Kevin,96,94.58,337,4.66,1,97.92
2025-12-22,Team D,Michael,62,94.91,263,4.8,0,94.82
2025-08-12,Team C,Sophia,64,95.82,280,4.77,2,92.77
2025-07-08,Team D,Emma,56,94.51,346,4.61,1,97.71
2025-08-26,Team B,Grace,50,89.28,345,4.13,2,95.17
2025-03-08,Team A,Chris,93,93.95,328,4.89,0,95.16
2025-01-17,Team D,Alex,89,96.4,284,4.49,2,95.4
2025-03-21,Team C,Nicole,60,92.05,248,3.55,2,96.32
2025-11-30,Team B,Michael,78,95.74,297,4.21,2,93.49
2025-06-03,Team D,Olivia,81,93.88,335,4.59,1,96.82
2025-02-23,Team C,Alex,65,93.49,370,4.35,4,98.04
2025-08-15,Team A,Lisa,84,88.99,324,4.55,2,94.99
2025-01-10,Team A,Jason,72,91.45,317,4.03,1,97.58
2025-07-06,Team A,Olivia,64,90.15,270,4.66,1,95.16
2025-03-23,Team B,Sarah,81,89.49,395,3.94,3,91.53
2025-12-11,Team D,Nicole,89,91.29,278,4.29,3,98.01
2025-11-26,Team D,Mary,71,85.63,303,4.51,2,96.49
2025-07-29,Team B,Sophia,107,93.69,318,4.78,3,95.48
2025-05-25,Team D,Sophia,92,93.49,262,4.01,2,96.72
2025-04-07,Team B,Amy,108,94.49,334,4.06,6,97.45
2025-01-29,Team C,Lisa,79,94.69,361,4.46,1,95.2
2025-09-10,Team B,Jason,82,96.83,400,4.94,4,93.31
2025-11-30,Team B,Grace,115,98.84,278,4.79,2,97.19
2025-11-23,Team A,Sophia,89,93.15,403,4.21,4,94.09
2025-08-01,Team C,Olivia,107,89.59,237,4.78,2,97.04
2025-10-24,Team D,Sarah,67,97.89,260,4.52,0,95.58
2025-04-05,Team A,Ryan,62,94.24,371,4.5,4,94.65
2025-02-08,Team D,Lisa,92,89.82,302,4.5,1,96.51
2025-08-16,Team B,Emma,86,93.99,368,4.52,2,93.93
2025-12-21,Team A,Nicole,71,90.03,220,5,2,93.33
2025-04-18,Team D,Chris,87,95.04,334,4.26,3,96.39
2025-01-24,Team A,Aaron,83,95.99,340,4.26,4,97.01
2025-08-02,Team C,Aaron,109,95.6,360,4.13,2,96.46
2025-11-25,Team D,Amy,68,96.3,302,4.56,3,97.23
2025-12-19,Team A,David,63,89.85,275,4.02,0,93.8
2025-08-19,Team D,Lisa,69,95.92,298,4.43,0,93.27
2025-11-20,Team B,Lisa,73,91.31,325,4.76,1,95.68
2025-08-05,Team A,John,87,92.55,384,4.54,1,92.15
2025-10-13,Team A,Aaron,73,87.34,237,4.88,3,95.11
2025-02-03,Team B,Rachel,105,93.09,322,4.65,0,93.72
2025-05-31,Team C,Amy,62,97.19,322,4.65,2,95.04
2025-01-20,Team C,David,59,89.06,352,4.47,3,96.09
2025-12-02,Team B,John,79,99.57,277,4.32,1,97.62
2025-11-06,Team C,Grace,103,88.93,406,4.53,4,96.72
2025-05-08,Team B,Mary,88,91.15,315,4.73,2,97.64
2025-08-31,Team C,Ryan,87,95.2,298,4.35,1,92.7
2025-05-31,Team C,Daniel,61,95.81,312,4.35,3,94.52
2025-03-02,Team D,Emma,74,95.82,307,4.73,2,95.08
2025-12-29,Team A,Nicole,82,93.13,337,4.7,0,95.65
2025-05-17,Team A,Daniel,70,89.56,245,4.18,1,99.28
2025-06-16,Team A,Aaron,74,99.59,255,4.19,5,94.71
2025-12-07,Team B,Olivia,90,96.76,297,4.56,3,97.88
2025-12-04,Team B,Chris,92,92.58,380,4.88,2,91.79
2025-06-15,Team A,David,114,98.74,241,4.31,1,93.34
2025-11-29,Team B,Michael,76,95.85,282,5,2,97.13
2025-08-12,Team A,Alex,68,93.94,335,4.03,1,100
2025-09-21,Team C,Ryan,69,96.16,213,4.45,0,94.3
2025-01-18,Team D,Alex,95,92.4,295,4.46,2,93.08
2025-06-01,Team D,Mary,84,93.13,290,4.72,0,93.54
2025-10-04,Team B,Lisa,90,98.18,316,4.3,3,94.68
2025-10-04,Team C,Rachel,75,95.85,329,4.57,1,96.56
2025-12-24,Team B,Nicole,74,93.96,427,4.21,0,98.86
2025-04-19,Team B,Chris,62,92.26,267,4.7,1,96.34
2025-01-07,Team D,Ryan,89,97.94,313,3.92,3,97.29
2025-01-24,Team A,Lisa,92,92.22,394,4.43,3,100
2025-06-24,Team D,Jason,110,92.97,350,4.65,2,99.8
2025-02-15,Team C,Jason,100,92.78,324,4.6,0,93.72
2025-04-12,Team C,Rachel,81,90.29,333,4.68,3,95.52
2025-12-14,Team A,Michael,95,88.64,294,3.92,4,99.1
2025-01-10,Team A,Olivia,76,92.91,357,4.43,0,95.44
2025-09-22,Team A,Daniel,70,93.63,319,4.54,0,95.09
2025-02-14,Team A,Ryan,82,96.15,308,3.65,3,90.93
2025-09-01,Team A,Mary,74,90.69,339,4.75,2,95.45
2025-04-06,Team A,Grace,94,91.44,242,3.88,2,96.05
2025-10-14,Team A,Chris,89,91.06,450,3.9,1,97.61
2025-10-02,Team C,Nicole,65,92.29,265,4.12,2,100
2025-03-19,Team A,Rachel,84,93.19,319,4.89,2,98.89
2025-02-19,Team C,Jason,91,86.78,325,3.91,2,97.68
2025-07-10,Team B,Lisa,79,95.44,337,4.37,1,91.67
2025-03-24,Team B,Daniel,88,91.92,263,5,2,97.03
2025-09-23,Team C,Chris,67,89.43,303,4.51,1,96.86
2025-03-23,Team A,Lisa,74,91.75,325,3.93,0,96.72
2025-06-27,Team B,Rachel,62,91.87,269,4.82,4,97.02
2025-11-15,Team D,Aaron,87,90.89,325,4.08,0,97.63
2025-12-18,Team C,Amy,63,90.42,302,4.85,1,96.83
2025-01-28,Team D,Jason,105,93.53,229,4.36,1,92.22
2025-07-09,Team C,Michael,64,100,391,4.67,3,92.91
2025-05-20,Team C,Lisa,72,92.99,318,3.75,3,97.82
2025-06-30,Team C,John,65,93.22,302,4.25,1,97.81
2025-01-15,Team C,Rachel,61,93.28,313,3.68,3,95.9
2025-04-30,Team B,Sarah,90,90.88,330,4.28,1,92.91
2025-02-13,Team D,Amy,85,94.4,339,4.22,2,96.55
2025-12-12,Team D,Ryan,87,93.8,395,4.07,2,100
2025-11-14,Team C,Ryan,87,90.87,330,4.29,3,95.37
2025-04-10,Team A,Aaron,84,91.93,383,4.16,3,98.03
2025-08-20,Team A,Olivia,68,91.75,327,4.17,3,95.49
2025-04-22,Team A,Chris,72,95.48,450,4.34,2,95.66
2025-05-20,Team D,Sophia,68,92.94,242,4.23,3,97.03
2025-09-04,Team D,Lisa,89,88.03,229,4.25,1,96.16
2025-03-01,Team D,Michael,94,90.5,318,4.46,2,100
2025-01-30,Team B,Amy,103,92.1,316,4.24,1,95.98
2025-09-07,Team A,Ryan,68,91.72,217,4.26,4,98.06
2025-06-15,Team C,Amy,77,90.23,321,4.08,3,97.83
2025-04-21,Team A,Lisa,103,92.08,323,4.59,1,96.6
2025-09-14,Team A,Michael,36,94.22,405,4.31,2,97.62
2025-07-09,Team A,John,102,89.86,392,4.97,4,96.27
2025-12-26,Team D,Alex,71,95.94,329,4.46,4,97.63
2025-06-26,Team A,Daniel,74,89.83,314,4.59,4,94.71
2025-12-06,Team B,John,105,89.01,346,4.87,3,94.56
2025-11-10,Team D,Jason,68,92.14,277,4.59,6,95.46
2025-05-03,Team B,Sophia,57,94.04,277,4.04,6,98.36
2025-05-11,Team D,John,93,93.93,292,4.87,5,94.81
2025-04-03,Team B,Jason,67,91.49,309,4.28,2,93.38
2025-11-09,Team A,Mary,87,92.1,344,4.52,4,94.84
2025-06-03,Team C,Lisa,83,92.28,311,4.37,2,96.45
2025-12-16,Team D,Chris,83,91.21,243,4.2,0,96.99
2025-01-25,Team A,John,97,93.83,306,3.83,2,96.05
2025-08-04,Team B,Michael,72,88.83,304,4.32,0,95.36
2025-03-24,Team D,Emma,81,91.87,253,3.88,1,97.65
2025-12-17,Team B,Grace,68,95.97,423,4.76,3,93.58
2025-09-03,Team B,Nicole,76,91.51,384,4.13,1,92.93
2025-10-30,Team D,Rachel,99,92.34,383,4.84,2,94.29
2025-05-07,Team A,Olivia,67,94.46,345,4.04,3,93.66
2025-05-14,Team D,David,107,96.97,337,4.2,3,93.69
2025-08-13,Team A,John,92,89.78,398,4.38,1,90.61
2025-04-25,Team B,Alex,88,87,318,4.15,5,100
2025-05-03,Team D,Kevin,67,92.62,183,4.34,1,98.47
2025-04-23,Team D,Sophia,88,91.3,299,3.95,2,95.2
2025-01-05,Team D,Mary,79,87.44,372,4.24,1,99.52
2025-11-21,Team B,John,97,91.14,289,4.65,2,97.66
2025-07-31,Team C,Daniel,86,92.24,344,4.19,1,95.27
2025-08-05,Team A,Ryan,75,93.82,339,4.93,5,95.95
2025-03-13,Team B,Grace,82,97.78,336,4.17,0,96.19
2025-10-03,Team B,David,107,96.12,249,4.5,4,95.85
2025-09-02,Team B,Emma,102,90.14,312,4.3,0,94.95
2025-12-15,Team C,Rachel,91,86.95,297,4.31,1,96.01
2025-07-26,Team C,Sophia,104,93.94,302,4.9,1,95.67
2025-03-09,Team D,Mary,86,86.17,361,4.55,0,95.37
2025-01-04,Team A,Grace,116,88.75,308,3.99,0,95.76
2025-03-03,Team C,Ryan,103,93.61,391,4.59,2,92.89
2025-01-08,Team D,Grace,69,92.01,392,4.7,3,97.06
2025-10-15,Team B,Amy,74,87.85,279,4.68,2,97.44
2025-01-18,Team B,Grace,88,93.61,318,4.38,2,93.83
2025-03-14,Team C,Kevin,77,90.87,412,4.48,2,100
2025-03-10,Team D,Kevin,95,95.8,284,4.06,1,93.92
2025-01-04,Team D,Alex,93,94.74,310,4.46,2,94.69
2025-10-02,Team B,Chris,96,89.47,317,4.38,0,99.95
2025-09-20,Team D,Sophia,90,91.49,280,4.06,0,93.11
2025-12-10,Team C,Chris,121,96.88,352,4.29,2,97.12
2025-05-10,Team C,Nicole,89,90.58,315,4.09,0,96.65
2025-03-02,Team C,Mary,82,95.82,365,4.97,2,99.01
2025-11-05,Team D,Amy,105,95.53,264,4.29,1,95.68
2025-08-10,Team D,Chris,77,93.55,309,4.63,2,92.88
2025-08-06,Team D,John,88,93.19,350,4.25,3,96.07
2025-08-26,Team B,Rachel,73,85.24,407,4.35,1,96.97
2025-02-07,Team C,Sarah,89,90.73,337,4.25,0,99.37
2025-08-12,Team B,Michael,98,92.82,327,4.56,1,99.57
2025-07-25,Team D,Mary,76,96.09,208,4.74,3,96.96
2025-10-05,Team A,Emma,60,94.3,321,4.28,1,97.15
2025-10-19,Team B,John,52,90.75,371,4.58,2,96.5
2025-05-30,Team B,John,94,90.17,366,4.23,0,97.7
2025-09-25,Team B,Ryan,79,90.28,291,4.35,0,95.84
2025-09-28,Team C,Jason,78,92.61,340,4.14,2,98.52
2025-03-29,Team C,Aaron,108,94.31,344,4.52,2,96.72
2025-03-21,Team D,Sarah,88,92.67,233,4.14,0,98.29
2025-12-26,Team A,Sarah,84,96.24,344,4.44,3,96.56
2025-06-03,Team D,Aaron,91,93.68,299,4.52,0,98.08
2025-01-20,Team D,Jason,77,93.64,353,4.67,1,97.18
2025-05-24,Team C,Lisa,94,85.84,325,4.43,4,97.87
2025-04-29,Team B,Rachel,68,86.32,350,4.76,1,100
2025-04-03,Team C,Sarah,93,91.55,437,3.88,1,97.02
2025-10-30,Team B,Daniel,70,92.98,322,4.1,4,98.29
2025-01-17,Team D,Mary,83,94.96,267,4.52,2,99.44
2025-05-22,Team B,Amy,81,98.26,343,4.67,2,97.58
2025-04-05,Team B,Jason,91,92.77,370,4.68,2,96.45
2025-05-13,Team B,Alex,96,91.64,286,4.53,0,95.71
2025-12-02,Team D,Grace,119,90.78,393,4.63,2,95.63
2025-08-06,Team C,Sarah,85,96.26,261,4.7,2,92.89
2025-06-29,Team C,Lisa,60,93.95,281,4.63,4,92.13
2025-11-10,Team B,Kevin,102,91.12,301,4.35,1,96.83
2025-06-01,Team C,Daniel,101,91.03,282,4.7,4,95.29
2025-01-15,Team A,Nicole,79,88.69,278,4.19,2,98.91
2025-09-25,Team D,Nicole,116,92.81,329,4.24,4,97.24
2025-09-06,Team B,Kevin,75,94.5,275,4.64,0,99.37
2025-08-07,Team B,Sarah,75,87.24,271,4.02,0,91.1
2025-09-29,Team A,Ryan,58,91.94,362,4.1,1,96.65
2025-10-02,Team D,Rachel,71,93.1,350,4.49,2,96.63
2025-03-01,Team B,Mary,69,90.51,271,4.78,3,96.7
2025-01-18,Team C,Michael,90,86.62,418,4.16,3,98.6
2025-04-18,Team C,David,66,89.08,269,3.79,1,95.95
2025-04-20,Team A,Ryan,85,97.12,309,4.72,3,92.56
2025-06-22,Team A,Ryan,87,91.06,364,4.32,1,96.11
2025-06-15,Team B,Mary,91,93.88,254,4.22,2,90.95
2025-08-09,Team A,Sophia,78,90.21,408,4.19,1,95.68
2025-08-28,Team D,Michael,56,89.13,348,4.4,1,97.39
2025-08-13,Team A,Amy,97,90.34,365,4.54,1,92.3
2025-08-13,Team A,Nicole,81,96.87,353,4.1,1,97.39
2025-05-01,Team D,Emma,86,92.81,284,4.31,2,97
2025-09-12,Team C,John,104,94.09,320,4.27,1,96.58
2025-11-14,Team C,Alex,99,91.7,214,4.04,0,96.72
2025-05-31,Team D,Aaron,114,97.08,358,4.62,0,96.74
2025-08-23,Team A,John,77,95.09,257,4.5,3,92.59
2025-07-17,Team D,Sophia,85,97.07,385,5,2,97.75
2025-06-12,Team D,David,93,92.01,363,4.39,0,97.79
2025-05-10,Team B,Sarah,95,96,329,4.5,4,99.55
2025-03-15,Team D,Chris,92,95.84,342,4.52,2,94.18
2025-02-02,Team B,Kevin,100,91.96,322,4.46,1,93.9
2025-07-24,Team D,Daniel,89,95.99,289,4.46,2,93.65
2025-02-13,Team A,John,64,93.52,299,4.34,2,95.51
2025-12-12,Team C,Mary,51,93.74,260,4.38,1,97.78
2025-09-26,Team C,Kevin,80,93.16,349,4.49,1,96.29
2025-12-16,Team B,Aaron,96,92.61,352,4.1,3,93.18
2025-03-02,Team C,Kevin,80,99.83,330,4.15,3,96.7
2025-09-14,Team A,Chris,84,94.33,308,4.61,0,96.54
2025-04-23,Team B,Rachel,88,97.38,310,4.81,4,97.71
2025-12-27,Team C,John,84,93.54,302,4.04,2,97.5
2025-03-24,Team D,Alex,108,99.3,366,4.29,1,99.38
2025-10-04,Team B,Amy,89,93.37,340,4.3,4,93.39
2025-05-26,Team C,Chris,69,91.69,213,4.26,3,95.89
2025-02-10,Team C,Lisa,70,92.85,476,4.96,1,95.37
2025-09-12,Team D,Mary,87,94.51,400,4.37,3,92.78
2025-01-26,Team B,Ryan,80,97.26,353,4.32,1,93.49
2025-11-26,Team D,Sophia,72,91.97,295,4.74,2,94.79
2025-02-07,Team A,Sophia,65,94.34,372,4.23,1,96.38
2025-08-03,Team D,Aaron,93,91.44,218,4.02,2,96.72
2025-11-14,Team D,Olivia,72,91.37,353,4.93,1,95.24
2025-02-09,Team B,Olivia,96,88.97,392,4.71,1,93.17
2025-05-06,Team A,Olivia,95,92.96,359,4.38,3,95.95
2025-11-05,Team C,Rachel,102,92.7,388,4.37,1,98.29
2025-02-23,Team D,Chris,68,89.25,368,4.92,0,97.19
2025-10-18,Team C,Sarah,105,90,336,3.93,2,96.61
2025-06-22,Team B,Mary,80,92.13,339,4.33,3,95.24
2025-01-25,Team D,Kevin,86,90.07,337,4.55,3,94.03
2025-06-05,Team D,Alex,72,95.55,287,4.4,1,97.92
2025-08-12,Team B,Olivia,71,93.14,302,4.63,3,97.34
2025-02-08,Team A,Jason,90,95.39,272,4.79,3,93.59
2025-04-26,Team C,Amy,51,90.4,281,4.54,2,95.6
2025-06-09,Team D,Aaron,82,88.72,347,4.53,3,92.84
2025-07-07,Team A,Ryan,93,96.23,337,4.3,2,96.66
2025-08-09,Team C,Sarah,89,93.67,313,4.94,4,96.88
2025-07-24,Team B,Mary,77,93.53,378,4.14,6,98.38
2025-08-06,Team D,Olivia,82,86.77,395,4.11,1,94.98
2025-01-29,Team D,John,78,94.2,308,4.57,1,96.3
2025-03-21,Team A,Jason,83,92.17,239,4.51,2,97.17
2025-12-03,Team D,Amy,83,91.24,269,4.55,1,94.81
2025-05-03,Team C,Grace,99,96.5,180,4.44,2,96.81
2025-04-29,Team D,Grace,93,96.14,290,4.48,2,97.72
2025-10-20,Team C,Sophia,69,93.59,235,4.19,3,95.93
2025-06-30,Team D,Emma,106,92.53,271,4.23,3,94.49
2025-08-05,Team B,Jason,95,97.2,302,4.17,1,93.18
2025-07-17,Team D,Rachel,90,92.65,200,4.16,1,95.06
2025-07-18,Team B,Rachel,76,91.74,346,4.14,1,98.41
2025-01-11,Team C,Lisa,75,99.88,360,4.34,2,94.1
2025-06-25,Team A,Olivia,93,96.74,406,4.32,2,94.37
2025-12-13,Team D,Kevin,87,95.08,282,4.5,2,96.69
2025-06-28,Team C,Daniel,68,90.03,371,4.8,2,97.29
2025-03-12,Team A,Grace,73,91.2,364,3.94,2,96.38
2025-01-21,Team A,Emma,83,91.69,270,4.09,2,94.1
2025-12-24,Team D,Michael,106,94.4,366,4.11,2,94.94
2025-04-07,Team D,Emma,85,95.3,331,4.12,5,99.91
2025-07-13,Team D,John,88,97.54,250,4.33,5,97.84
2025-12-09,Team B,John,84,93.15,280,5,2,96.81
2025-04-03,Team B,Lisa,121,92.29,295,4.4,2,95.85
2025-02-01,Team A,Sophia,86,92.06,362,4.36,3,94.42
2025-01-29,Team C,Amy,79,93.11,323,3.76,2,94.51
2025-11-16,Team D,Grace,69,94.04,325,4.64,2,96.7
2025-12-17,Team A,Sophia,87,96.02,350,3.42,3,98.14
2025-01-08,Team D,Sarah,82,91.67,443,4.36,1,93.94
2025-09-19,Team A,Rachel,71,93.33,311,4.68,0,97.1
2025-12-30,Team C,Jason,105,96.55,370,4.77,2,91.88
2025-01-18,Team A,Olivia,59,99.44,304,4.21,1,93.22
2025-02-07,Team C,Jason,72,97.63,286,4.33,3,94.59
2025-12-13,Team C,Sophia,77,94.47,276,4.49,1,97.51
2025-08-09,Team A,Emma,111,96.21,303,4.54,3,99.34
2025-09-26,Team D,Jason,123,86.45,392,4.46,1,94.95
2025-09-26,Team D,Rachel,106,93.22,335,4.51,1,95.34
2025-02-22,Team C,Rachel,82,90.26,294,4.51,0,93.85
2025-09-16,Team D,Sophia,102,94.09,304,4.35,4,95.76
2025-06-14,Team A,Nicole,63,89.22,405,4.18,2,98.21
2025-01-15,Team C,David,107,91.62,300,4.59,1,92.87
2025-09-27,Team C,Ryan,95,91.36,321,4.62,1,96.68
2025-03-03,Team B,John,94,91.96,310,3.89,4,94.72
2025-07-14,Team A,Alex,65,91.71,322,4.21,3,94.25
2025-06-06,Team C,Emma,70,98.64,388,4.7,0,95.75
2025-11-12,Team B,Michael,87,90.19,283,4.13,0,94.04
2025-09-29,Team D,Daniel,97,95.29,339,4.38,1,97.97
2025-02-25,Team D,Ryan,104,89.21,315,4.13,1,93.07
2025-11-04,Team D,Kevin,102,96.75,310,4.26,1,98.18
2025-04-11,Team C,Lisa,77,86.86,320,4.44,1,94.89
2025-03-13,Team A,Daniel,102,94.15,261,4.37,2,96.71
2025-06-13,Team A,Rachel,94,91.44,312,3.9,1,98.8
2025-12-22,Team A,Olivia,96,92.97,321,4.34,1,96.22
2025-04-05,Team A,Mary,84,95.31,397,4.07,2,100
2025-03-13,Team C,John,77,87.55,288,4.62,3,95.06
2025-12-31,Team C,Sarah,103,98.46,329,4.26,0,95.93
2025-01-12,Team C,Jason,93,90.49,302,4.57,2,95.55
2025-04-11,Team C,Kevin,74,88.46,292,4.33,4,94.84
2025-12-15,Team C,Mary,72,95.5,421,4,2,96.18
2025-02-18,Team B,Jason,89,91.88,360,4.73,1,94.08
2025-05-25,Team B,Nicole,96,95.91,338,4.47,6,95.66
2025-05-26,Team D,Alex,58,90.4,327,4.66,2,97.55
2025-11-16,Team A,Amy,99,93.62,324,4.62,2,99.69
2025-09-26,Team B,Rachel,75,92.95,259,4.11,0,96.35
2025-07-07,Team C,Sarah,95,91.94,385,4.41,0,93.51
2025-08-19,Team D,Amy,100,93.83,423,4.31,1,96.12
2025-12-03,Team C,Lisa,108,96.62,333,4.65,2,96.08
2025-12-17,Team B,Sophia,109,84.09,240,4.32,1,100
2025-08-16,Team A,Lisa,135,93.28,323,4.63,2,97.32
2025-06-20,Team B,Chris,94,97.46,325,5,3,93.95
2025-05-12,Team D,Rachel,75,97.37,270,4.47,2,96.49
2025-07-27,Team D,John,94,93.38,323,4.23,3,94.77
2025-05-18,Team C,Ryan,102,93.3,227,4.98,1,92.54
2025-02-19,Team A,Olivia,69,89.27,385,4.22,2,93.67
2025-11-02,Team D,Rachel,116,93.94,391,4.66,1,97.05
2025-04-15,Team C,Grace,73,91.38,360,4.81,1,97.51
2025-04-01,Team D,Emma,56,96.37,341,4.64,4,95.87
2025-09-25,Team A,John,62,90.38,362,4.32,2,97.27
2025-08-14,Team B,Daniel,78,94.61,401,4.22,4,96.44
2025-12-12,Team A,Nicole,70,93.99,249,4.24,2,96.81
2025-02-02,Team B,Amy,72,88.86,316,4.11,3,91.72
2025-06-26,Team A,Lisa,96,89.52,345,4.86,4,96.82
2025-11-09,Team A,Lisa,82,95.49,280,4.16,1,97.91
2025-08-24,Team C,Emma,82,93.21,345,4.25,0,94.62
2025-05-18,Team A,Olivia,103,90.32,265,4.25,2,95.46
2025-03-14,Team D,Amy,92,92.72,282,4.08,1,97.06
2025-10-08,Team A,Olivia,85,91.33,312,4.34,9,94.36
2025-04-05,Team D,John,61,92.79,259,4.17,1,94.2
2025-07-12,Team D,Emma,94,91.75,356,4.74,1,97.89
2025-03-27,Team B,Alex,92,93.06,287,4.38,2,97.76
2025-12-05,Team C,Ryan,88,89.39,344,4.2,1,97.17
2025-09-27,Team D,Sarah,91,93.48,385,4.49,0,93.46
2025-01-13,Team B,Rachel,77,88.3,371,4.31,1,94.69
2025-01-09,Team B,Emma,75,91.46,320,4.33,3,97.81
2025-06-20,Team B,Aaron,106,92.22,285,4.57,3,95.29
2025-07-11,Team D,Kevin,82,89.86,190,3.86,1,96.01
2025-12-19,Team D,Rachel,105,95.79,350,4.82,4,96.52
2025-04-20,Team D,Amy,91,99.64,359,4.52,3,99.67
2025-01-21,Team B,Nicole,105,89.82,341,4.26,2,98.24
2025-07-04,Team D,Emma,56,96.72,381,4.69,3,93.34
2025-12-16,Team D,Chris,93,96.07,334,4.08,1,96.3
2025-10-06,Team C,David,63,93.97,287,4.78,0,97.43
2025-09-24,Team D,Lisa,64,93.45,330,4.3,1,94.7
2025-05-29,Team A,Jason,74,96.91,348,4.82,5,94.19
2025-12-30,Team A,Michael,85,98.42,263,4.63,1,94.59
2025-11-03,Team B,Mary,111,93.3,328,4.65,1,96.71
2025-04-21,Team B,David,71,93.99,363,4.07,5,97.07
2025-10-31,Team B,Grace,74,93.47,282,4.64,2,93.75
2025-02-21,Team D,Sarah,95,94.6,365,4.32,4,97.08
2025-01-23,Team A,Emma,51,89.3,276,4.23,1,94.33
2025-11-29,Team A,Aaron,109,99.64,335,4.36,2,98.82
2025-01-09,Team B,Nicole,96,91.69,354,4.33,0,97.38
2025-08-02,Team D,Olivia,70,92.73,268,4.54,3,96.57
2025-11-20,Team D,Olivia,88,92.56,299,4.87,1,94.56
2025-06-14,Team B,Sarah,75,92.88,354,4.15,2,94.77
2025-01-13,Team A,Amy,62,92.52,237,4.92,3,96.32
2025-09-14,Team C,Chris,83,93.27,398,4.57,0,96.05
2025-07-31,Team A,John,96,91.78,244,4.19,1,96.19
2025-04-13,Team A,Ryan,83,92.41,373,4.41,2,97.67
2025-11-11,Team B,John,91,91.23,203,4.16,1,97.8
2025-08-12,Team A,Sophia,79,97.01,380,4.16,3,96.81
2025-10-20,Team C,Daniel,104,90.61,263,4.55,0,95.86
2025-01-28,Team C,John,75,92.48,272,4.42,0,93.78
2025-05-13,Team C,Amy,73,93.17,366,4.61,1,93.04
2025-02-13,Team D,Rachel,83,89.06,285,3.89,3,96.78
2025-04-07,Team B,Grace,58,90.96,295,4.53,3,95.3
2025-03-03,Team B,Sarah,74,95.44,239,4.6,2,93.97
2025-05-30,Team A,Kevin,70,95.05,298,3.91,4,95.85
2025-01-21,Team C,Amy,98,93.79,384,4.81,2,97.75
2025-06-08,Team C,Jason,87,91.63,219,4.54,3,95.11
2025-04-08,Team A,Aaron,107,91.47,281,3.57,1,98.15
2025-09-25,Team A,Alex,91,96.17,354,4.4,0,96.19
2025-09-23,Team A,Kevin,86,96.63,308,4.57,0,95.11
2025-01-18,Team C,Grace,54,90.57,322,4.65,1,94.81
2025-06-20,Team A,Chris,77,93.1,380,4.14,2,95.16
2025-09-10,Team A,Lisa,77,91.95,319,4.7,1,98.53
2025-01-06,Team A,David,68,92.28,331,4.19,2,94.42
2025-11-10,Team D,Jason,83,92.41,450,4.4,4,98.53
2025-06-21,Team A,Nicole,78,90.67,331,4.72,3,96.9
2025-12-05,Team A,Sophia,62,92.27,237,5,3,95.77
2025-10-29,Team C,Emma,80,91.28,328,4.64,1,100
2025-12-06,Team B,Alex,92,93.07,220,4.95,4,98.72
2025-05-18,Team C,Sarah,98,97.33,229,4.14,3,96.61
2025-09-11,Team C,Nicole,96,93.15,251,4.51,2,99.02
2025-03-14,Team D,Lisa,65,89.52,355,4.62,1,97.34
2025-08-25,Team D,Chris,78,93.76,305,3.71,3,96.36
